Invoice_ID,Customer_ID,Gender,Age,City,Product_Category,Product_Name,Quantity,Price_Per_Unit,Total_Amount,Payment_Method,Date_of_Purchase,Discount_Percent,Final_Amount,Loyalty_Customer
BB1001,CUST583,Male,21,Ahmedabad,Household,Doormat,10,224.45,2244.5,Cash,2025-05-06,10,2020.05,No
BB1002,CUST766,Male,41,Bangalore,Furniture,Table,2,270.05,540.1,Credit Card,2025-04-04,15,459.08,Yes
BB1003,CUST285,Male,64,Surat,Groceries,Paneer,9,436.59,3929.31,UPI,2024-12-01,20,3143.45,No
BB1004,CUST381,Female,30,Nagpur,Electronics,Power Bank,6,254.36,1526.16,Wallet,2024-10-03,15,1297.24,No
BB1005,CUST979,Male,63,Pune,Sports,Dumbbells,2,262.23,524.46,Wallet,2025-01-04,5,498.24,Yes
BB1006,CUST482,Male,32,Thane,Electronics,Power Bank,6,419.64,2517.84,Credit Card,2024-11-26,20,2014.27,No
BB1007,CUST435,Male,63,Indore,Beauty,Shampoo,10,292.62,2926.2,Cash,2025-04-13,0,2926.2,Yes
BB1008,CUST427,Female,23,Kolkata,Stationery,Notebook,10,171.05,1710.5,UPI,2024-10-20,20,1368.4,No
BB1009,CUST935,Female,58,Delhi,Stationery,Whiteboard Marker,7,107.18,750.26,Wallet,2024-12-22,10,675.23,No
BB1010,CUST192,Male,36,Chandigarh,Household,Broom,4,96.46,385.84,UPI,2025-01-30,10,347.26,No
BB1011,CUST996,Female,36,Jaipur,Beauty,Sunscreen,6,165.91,995.46,Cash,2025-05-29,10,895.91,Yes
BB1012,CUST993,Female,51,Surat,Stationery,Scissors,8,300.86,2406.88,UPI,2025-01-01,15,2045.85,Yes
BB1013,CUST920,Female,19,Bangalore,Household,Dustbin,9,272.75,2454.75,Cash,2024-10-12,10,2209.28,Yes
BB1014,CUST942,Male,34,Chandigarh,Toys & Games,Board Game,5,146.18,730.9,Credit Card,2025-04-03,15,621.26,No
BB1015,CUST205,Male,46,Patna,Kitchen,Chopping Board,1,236.23,236.23,UPI,2025-02-12,0,236.23,Yes
BB1016,CUST924,Female,47,Thane,Electronics,Smartwatch,7,421.58,2951.06,Cash,2024-09-30,5,2803.51,Yes
BB1017,CUST347,Female,54,Chennai,Stationery,Marker,2,324.21,648.42,UPI,2025-05-29,10,583.58,No
BB1018,CUST449,Female,36,Delhi,Kitchen,Non-stick Pan,4,310.03,1240.12,Credit Card,2025-06-25,20,992.1,Yes
BB1019,CUST579,Male,48,Nagpur,Stationery,Highlighter,8,128.0,1024.0,UPI,2025-04-23,10,921.6,No
BB1020,CUST336,Male,29,Ahmedabad,Furniture,Wardrobe Organizer,9,236.71,2130.39,Cash,2025-05-27,15,1810.83,Yes
BB1021,CUST780,Female,25,Ranchi,Electronics,Microwave,4,327.4,1309.6,Credit Card,2024-10-22,10,1178.64,No
BB1022,CUST492,Female,60,Ahmedabad,Groceries,Jaggery,2,389.65,779.3,Credit Card,2025-03-25,5,740.33,No
BB1023,CUST685,Female,42,Bangalore,Stationery,Stapler,4,359.03,1436.12,Credit Card,2025-05-25,15,1220.7,No
BB1024,CUST691,Male,52,Chennai,Furniture,Plastic Stool,10,308.95,3089.5,Credit Card,2025-03-08,20,2471.6,Yes
BB1025,CUST702,Female,63,Bangalore,Beauty,Deodorant,6,410.78,2464.68,Credit Card,2024-12-20,10,2218.21,No
BB1026,CUST890,Female,55,Ranchi,Apparel,Jeans,1,493.08,493.08,Cash,2024-08-06,20,394.46,No
BB1027,CUST960,Male,25,Indore,Furniture,Sofa Cover,1,347.64,347.64,UPI,2024-12-06,10,312.88,Yes
BB1028,CUST877,Female,44,Ahmedabad,Apparel,Track Pants,1,53.86,53.86,Credit Card,2025-02-09,20,43.09,Yes
BB1029,CUST101,Male,32,Kolkata,Kitchen,Tiffin Box,7,394.37,2760.59,UPI,2025-05-31,15,2346.5,No
BB1030,CUST437,Female,19,Pune,Furniture,Table,3,341.8,1025.4,Cash,2025-06-19,10,922.86,No
BB1031,CUST663,Female,48,Ranchi,Apparel,Socks,1,427.72,427.72,Cash,2024-12-22,15,363.56,Yes
BB1032,CUST734,Female,18,Jaipur,Household,Mop,5,440.2,2201.0,UPI,2025-05-13,5,2090.95,Yes
BB1033,CUST747,Female,39,Hyderabad,Sports,Football,4,383.34,1533.36,UPI,2024-10-04,20,1226.69,No
BB1034,CUST759,Female,46,Nagpur,Toys & Games,Rubik Cube,3,220.23,660.69,Credit Card,2025-04-21,20,528.55,Yes
BB1035,CUST553,Male,25,Chandigarh,Furniture,Foldable Table,9,187.16,1684.44,Cash,2025-01-17,0,1684.44,Yes
BB1036,CUST711,Female,36,Surat,Sports,Cricket Bat,5,306.55,1532.75,Cash,2024-07-06,5,1456.11,No
BB1037,CUST111,Female,63,Chennai,Sports,Water Bottle,6,79.01,474.06,UPI,2025-03-21,10,426.65,Yes
BB1038,CUST587,Female,33,Thane,Electronics,Power Bank,1,252.55,252.55,UPI,2024-11-23,15,214.67,No
BB1039,CUST673,Female,33,Hyderabad,Beauty,Perfume,3,197.49,592.47,UPI,2025-04-28,10,533.22,No
BB1040,CUST223,Male,61,Jaipur,Apparel,Jeans,2,339.65,679.3,Credit Card,2025-03-02,5,645.33,No
BB1041,CUST413,Male,47,Pune,Kitchen,Chopping Board,8,106.5,852.0,Credit Card,2024-07-01,10,766.8,No
BB1042,CUST472,Male,33,Bangalore,Stationery,Notebook,5,258.55,1292.75,Cash,2024-12-28,10,1163.48,Yes
BB1043,CUST116,Male,46,Nagpur,Groceries,Jaggery,1,271.06,271.06,Credit Card,2025-05-14,5,257.51,No
BB1044,CUST155,Female,63,Pune,Toys & Games,Board Game,7,104.82,733.74,Wallet,2024-09-28,5,697.05,Yes
BB1045,CUST483,Female,38,Hyderabad,Furniture,Shoe Rack,1,184.23,184.23,Cash,2024-10-28,5,175.02,Yes
BB1046,CUST441,Male,37,Thane,Toys & Games,Puzzle,7,324.25,2269.75,Credit Card,2025-05-15,0,2269.75,No
BB1047,CUST142,Female,64,Mumbai,Electronics,Smartwatch,1,347.02,347.02,Cash,2024-09-08,20,277.62,Yes
BB1048,CUST502,Female,38,Surat,Kitchen,Knife Set,5,424.11,2120.55,Cash,2025-01-24,20,1696.44,Yes
BB1049,CUST857,Female,65,Mumbai,Apparel,Jacket,8,431.41,3451.28,Credit Card,2024-09-26,5,3278.72,No
BB1050,CUST823,Female,49,Bangalore,Kitchen,Utensils,9,130.2,1171.8,UPI,2025-06-20,0,1171.8,No
BB1051,CUST820,Female,43,Chandigarh,Furniture,Mattress,6,259.38,1556.28,UPI,2025-04-20,5,1478.47,No
BB1052,CUST331,Female,45,Vadodara,Apparel,Kurta,10,361.72,3617.2,UPI,2024-12-11,5,3436.34,No
BB1053,CUST298,Female,58,Patna,Electronics,Laptop,1,282.36,282.36,Cash,2024-07-30,20,225.89,Yes
BB1054,CUST638,Male,65,Thane,Household,Broom,2,246.11,492.22,Cash,2024-10-26,10,443.0,Yes
BB1055,CUST673,Male,22,Hyderabad,Kitchen,Mixer Grinder,8,321.2,2569.6,Credit Card,2025-01-02,15,2184.16,No
BB1056,CUST412,Female,58,Chandigarh,Toys & Games,Remote Car,8,412.71,3301.68,Cash,2025-06-07,20,2641.34,Yes
BB1057,CUST374,Male,35,Delhi,Beauty,Deodorant,9,57.5,517.5,Wallet,2024-08-09,5,491.62,No
BB1058,CUST206,Female,56,Visakhapatnam,Electronics,Washing Machine,7,328.25,2297.75,Credit Card,2025-01-18,20,1838.2,No
BB1059,CUST343,Male,44,Ahmedabad,Electronics,Headphones,3,93.6,280.8,UPI,2025-03-16,10,252.72,No
BB1060,CUST437,Female,59,Ranchi,Electronics,Headphones,6,137.09,822.54,Cash,2025-01-17,20,658.03,No
BB1061,CUST246,Male,65,Visakhapatnam,Stationery,Scissors,8,331.38,2651.04,Cash,2025-04-25,15,2253.38,No
BB1062,CUST568,Male,26,Hyderabad,Apparel,Shirt,8,480.72,3845.76,Credit Card,2025-01-14,0,3845.76,Yes
BB1063,CUST578,Female,34,Hyderabad,Groceries,Pickles,4,164.25,657.0,UPI,2025-06-18,20,525.6,No
BB1064,CUST354,Male,21,Bangalore,Apparel,Dupatta,3,39.65,118.95,UPI,2025-02-06,10,107.06,No
BB1065,CUST732,Female,21,Bhopal,Stationery,Eraser,4,55.18,220.72,Wallet,2025-02-01,5,209.68,No
BB1066,CUST490,Male,31,Jaipur,Household,Cloth Hanger,4,123.38,493.52,Cash,2024-12-10,0,493.52,No
BB1067,CUST949,Female,32,Bangalore,Beauty,Body Wash,10,109.38,1093.8,UPI,2025-02-04,15,929.73,Yes
BB1068,CUST329,Female,42,Indore,Toys & Games,Coloring Kit,7,407.52,2852.64,UPI,2024-11-18,15,2424.74,No
BB1069,CUST419,Female,61,Chandigarh,Stationery,Highlighter,6,282.81,1696.86,Cash,2025-01-27,0,1696.86,No
BB1070,CUST126,Female,30,Indore,Kitchen,Utensils,6,353.19,2119.14,Wallet,2024-10-15,20,1695.31,Yes
BB1071,CUST803,Male,30,Indore,Household,Broom,2,417.57,835.14,Wallet,2024-09-08,15,709.87,Yes
BB1072,CUST109,Female,49,Bangalore,Stationery,Highlighter,5,239.1,1195.5,UPI,2024-09-07,10,1075.95,Yes
BB1073,CUST241,Female,35,Thane,Stationery,Notebook,10,200.98,2009.8,UPI,2025-02-10,5,1909.31,No
BB1074,CUST843,Female,34,Vadodara,Groceries,Oil,9,440.04,3960.36,Cash,2025-02-26,5,3762.34,No
BB1075,CUST994,Female,61,Bangalore,Electronics,Washing Machine,9,386.92,3482.28,Cash,2024-12-22,20,2785.82,No
BB1076,CUST588,Female,50,Chandigarh,Kitchen,Knife Set,8,208.16,1665.28,UPI,2024-08-02,10,1498.75,Yes
BB1077,CUST326,Male,19,Lucknow,Toys & Games,Doll,4,23.86,95.44,UPI,2025-04-04,5,90.67,Yes
BB1078,CUST252,Female,57,Jaipur,Beauty,Sunscreen,10,465.71,4657.1,Wallet,2025-05-17,0,4657.1,Yes
BB1079,CUST556,Male,56,Chennai,Toys & Games,Remote Car,4,430.65,1722.6,Cash,2025-06-03,20,1378.08,No
BB1080,CUST299,Female,26,Lucknow,Sports,Water Bottle,2,230.97,461.94,UPI,2025-05-05,15,392.65,No
BB1081,CUST620,Female,27,Lucknow,Household,Toilet Cleaner,6,490.84,2945.04,Wallet,2025-05-25,10,2650.54,Yes
BB1082,CUST815,Male,42,Bangalore,Household,Room Freshener,10,187.88,1878.8,Credit Card,2025-06-03,5,1784.86,No
BB1083,CUST767,Male,42,Hyderabad,Sports,Water Bottle,4,119.4,477.6,Credit Card,2025-01-14,15,405.96,No
BB1084,CUST709,Male,64,Thane,Sports,Basketball,6,274.24,1645.44,Cash,2024-11-21,5,1563.17,No
BB1085,CUST845,Male,47,Visakhapatnam,Apparel,Sweater,3,24.93,74.79,Credit Card,2025-03-16,5,71.05,No
BB1086,CUST288,Male,58,Ahmedabad,Beauty,Perfume,9,336.99,3032.91,Wallet,2024-10-09,20,2426.33,Yes
BB1087,CUST600,Female,29,Nagpur,Groceries,Spices,7,498.31,3488.17,Wallet,2025-04-24,20,2790.54,Yes
BB1088,CUST942,Male,54,Delhi,Kitchen,Cutting Board,2,361.31,722.62,Cash,2025-05-07,0,722.62,Yes
BB1089,CUST934,Male,28,Hyderabad,Electronics,Bluetooth Speaker,10,313.46,3134.6,UPI,2025-05-24,10,2821.14,No
BB1090,CUST131,Male,30,Surat,Kitchen,Peeler,1,486.51,486.51,Cash,2025-02-01,10,437.86,Yes
BB1091,CUST156,Male,53,Nagpur,Stationery,Pencil,4,126.14,504.56,Credit Card,2025-06-13,0,504.56,Yes
BB1092,CUST344,Female,30,Surat,Furniture,Plastic Stool,5,295.61,1478.05,Cash,2025-01-29,5,1404.15,Yes
BB1093,CUST417,Male,49,Visakhapatnam,Furniture,Table,5,450.46,2252.3,Credit Card,2024-12-12,15,1914.46,No
BB1094,CUST654,Male,36,Ahmedabad,Apparel,Socks,2,385.4,770.8,Wallet,2025-02-27,20,616.64,No
BB1095,CUST446,Female,53,Bhopal,Groceries,Spices,6,117.39,704.34,Credit Card,2025-06-30,20,563.47,Yes
BB1096,CUST465,Female,65,Vadodara,Stationery,Stapler,9,376.55,3388.95,Cash,2025-06-01,20,2711.16,Yes
BB1097,CUST948,Female,38,Jaipur,Kitchen,Tiffin Box,6,455.23,2731.38,Credit Card,2025-04-17,15,2321.67,No
BB1098,CUST623,Female,31,Bhopal,Sports,Tennis Racket,9,61.7,555.3,Credit Card,2024-07-31,15,472.0,Yes
BB1099,CUST817,Female,54,Kolkata,Toys & Games,Soft Toy,7,446.51,3125.57,Cash,2025-02-10,15,2656.73,Yes
BB1100,CUST541,Female,61,Vadodara,Electronics,Microwave,7,111.78,782.46,Cash,2024-12-26,10,704.21,No
BB1101,CUST915,Male,43,Thane,Beauty,Sunscreen,4,257.23,1028.92,Credit Card,2025-02-16,0,1028.92,Yes
BB1102,CUST190,Female,32,Kolkata,Sports,Gym Gloves,5,73.83,369.15,Wallet,2025-05-06,20,295.32,No
BB1103,CUST504,Male,42,Ahmedabad,Groceries,Spices,1,54.42,54.42,Credit Card,2024-09-27,10,48.98,Yes
BB1104,CUST485,Male,29,Thane,Toys & Games,Toy Gun,7,424.38,2970.66,Wallet,2025-03-25,10,2673.59,No
BB1105,CUST684,Female,20,Ranchi,Beauty,Conditioner,7,51.3,359.1,UPI,2024-08-12,20,287.28,Yes
BB1106,CUST448,Male,34,Indore,Sports,Water Bottle,4,160.35,641.4,Credit Card,2024-09-19,5,609.33,Yes
BB1107,CUST409,Male,21,Chandigarh,Apparel,Leggings,10,416.52,4165.2,Credit Card,2025-04-17,10,3748.68,Yes
BB1108,CUST385,Male,24,Ahmedabad,Stationery,Glue Stick,1,429.67,429.67,Credit Card,2024-10-30,15,365.22,Yes
BB1109,CUST840,Male,52,Nagpur,Kitchen,Non-stick Pan,9,214.7,1932.3,Cash,2025-04-25,20,1545.84,No
BB1110,CUST634,Male,53,Chandigarh,Apparel,Track Pants,1,453.95,453.95,Credit Card,2024-08-06,0,453.95,Yes
BB1111,CUST382,Female,37,Thane,Stationery,Pen,4,48.65,194.6,UPI,2024-08-23,0,194.6,Yes
BB1112,CUST440,Male,33,Nagpur,Beauty,Hair Oil,9,231.88,2086.92,Credit Card,2025-03-13,5,1982.57,Yes
BB1113,CUST101,Male,21,Patna,Furniture,Shoe Rack,7,93.62,655.34,Wallet,2024-07-17,0,655.34,Yes
BB1114,CUST109,Female,62,Hyderabad,Household,Dustbin,4,155.56,622.24,UPI,2025-01-27,10,560.02,Yes
BB1115,CUST712,Female,60,Thane,Household,Room Freshener,10,456.28,4562.8,Credit Card,2025-05-30,10,4106.52,Yes
BB1116,CUST217,Male,32,Thane,Household,Cloth Hanger,9,218.94,1970.46,Wallet,2025-01-12,20,1576.37,No
BB1117,CUST755,Male,47,Bangalore,Stationery,Highlighter,8,272.06,2176.48,Cash,2025-03-07,0,2176.48,No
BB1118,CUST940,Male,50,Bhopal,Groceries,Salt,2,184.31,368.62,Credit Card,2024-07-10,5,350.19,Yes
BB1119,CUST864,Female,35,Visakhapatnam,Household,Dustbin,8,168.37,1346.96,UPI,2025-02-18,0,1346.96,No
BB1120,CUST878,Male,41,Vadodara,Sports,Cricket Bat,2,414.03,828.06,UPI,2025-02-07,10,745.25,Yes
BB1121,CUST214,Male,55,Jaipur,Stationery,Marker,10,392.62,3926.2,Wallet,2025-01-27,15,3337.27,Yes
BB1122,CUST224,Male,50,Bhopal,Kitchen,Non-stick Pan,4,422.98,1691.92,Cash,2024-11-21,5,1607.32,Yes
BB1123,CUST914,Male,27,Chandigarh,Furniture,Bookshelf,6,251.48,1508.88,Wallet,2024-11-13,15,1282.55,No
BB1124,CUST441,Male,34,Hyderabad,Groceries,Pickles,5,218.29,1091.45,UPI,2025-06-24,20,873.16,No
BB1125,CUST223,Female,63,Bhopal,Apparel,Jacket,2,218.21,436.42,UPI,2024-07-14,10,392.78,Yes
BB1126,CUST547,Male,54,Chennai,Apparel,Dupatta,6,393.98,2363.88,Credit Card,2024-07-08,20,1891.1,Yes
BB1127,CUST668,Female,45,Patna,Sports,Gym Gloves,5,246.37,1231.85,Credit Card,2025-06-17,20,985.48,No
BB1128,CUST751,Female,65,Nagpur,Apparel,Track Pants,9,176.46,1588.14,Credit Card,2024-09-06,0,1588.14,Yes
BB1129,CUST311,Male,33,Kolkata,Toys & Games,Puzzle,1,296.5,296.5,Wallet,2024-08-15,20,237.2,Yes
BB1130,CUST878,Female,57,Hyderabad,Stationery,Scissors,5,468.76,2343.8,Credit Card,2024-09-16,10,2109.42,Yes
BB1131,CUST460,Male,47,Ahmedabad,Toys & Games,Building Blocks,5,448.36,2241.8,Cash,2025-04-20,5,2129.71,No
BB1132,CUST348,Female,18,Pune,Stationery,Glue Stick,8,200.36,1602.88,Credit Card,2025-06-08,5,1522.74,Yes
BB1133,CUST559,Female,48,Patna,Furniture,Mattress,9,467.16,4204.44,Wallet,2024-07-09,15,3573.77,No
BB1134,CUST559,Male,47,Patna,Stationery,Files,4,143.49,573.96,UPI,2024-12-03,20,459.17,Yes
BB1135,CUST195,Male,34,Indore,Household,Broom,2,423.24,846.48,UPI,2024-08-07,5,804.16,Yes
BB1136,CUST506,Male,35,Vadodara,Electronics,Washing Machine,1,282.71,282.71,UPI,2024-10-04,20,226.17,Yes
BB1137,CUST654,Female,24,Kolkata,Kitchen,Rolling Pin,10,445.63,4456.3,Wallet,2024-09-19,5,4233.48,No
BB1138,CUST241,Female,40,Chennai,Household,Doormat,5,23.7,118.5,Credit Card,2025-02-22,20,94.8,No
BB1139,CUST135,Female,44,Bangalore,Household,Mop,9,241.16,2170.44,Credit Card,2024-11-06,5,2061.92,Yes
BB1140,CUST914,Male,40,Surat,Toys & Games,Puzzle,4,305.1,1220.4,Wallet,2024-09-04,0,1220.4,Yes
BB1141,CUST798,Female,54,Vadodara,Stationery,Marker,3,201.19,603.57,Cash,2025-01-01,10,543.21,Yes
BB1142,CUST353,Male,59,Delhi,Household,Room Freshener,6,310.44,1862.64,Cash,2024-07-15,20,1490.11,No
BB1143,CUST737,Male,20,Lucknow,Beauty,Kajal,9,330.97,2978.73,Wallet,2024-08-06,15,2531.92,Yes
BB1144,CUST927,Male,61,Thane,Groceries,Tea,2,77.52,155.04,Wallet,2025-06-27,15,131.78,Yes
BB1145,CUST830,Female,31,Lucknow,Household,Broom,4,40.62,162.48,Wallet,2024-09-11,0,162.48,Yes
BB1146,CUST772,Female,50,Jaipur,Furniture,Sofa Cover,7,43.86,307.02,Wallet,2024-11-09,20,245.62,No
BB1147,CUST876,Male,46,Patna,Furniture,Shoe Rack,9,28.44,255.96,Wallet,2025-03-25,5,243.16,Yes
BB1148,CUST120,Male,35,Ahmedabad,Kitchen,Tiffin Box,5,355.4,1777.0,UPI,2025-05-03,10,1599.3,Yes
BB1149,CUST257,Male,55,Indore,Furniture,Bookshelf,1,474.04,474.04,Cash,2025-06-02,15,402.93,No
BB1150,CUST467,Male,47,Delhi,Sports,Yoga Mat,6,266.51,1599.06,UPI,2024-09-01,0,1599.06,Yes
BB1151,CUST429,Male,25,Bangalore,Beauty,Deodorant,8,254.08,2032.64,Credit Card,2025-03-04,10,1829.38,Yes
BB1152,CUST791,Male,43,Hyderabad,Groceries,Oil,2,163.96,327.92,Credit Card,2025-06-19,5,311.52,No
BB1153,CUST202,Female,32,Ranchi,Groceries,Butter,8,120.45,963.6,Credit Card,2024-07-22,15,819.06,No
BB1154,CUST948,Male,37,Ahmedabad,Groceries,Rice,5,205.23,1026.15,UPI,2025-03-05,20,820.92,Yes
BB1155,CUST559,Female,38,Vadodara,Electronics,Air Conditioner,2,64.7,129.4,Credit Card,2025-05-06,20,103.52,Yes
BB1156,CUST707,Male,25,Lucknow,Kitchen,Chopping Board,5,428.65,2143.25,Credit Card,2024-11-03,0,2143.25,Yes
BB1157,CUST283,Male,59,Jaipur,Kitchen,Rolling Pin,2,117.5,235.0,Credit Card,2024-09-30,5,223.25,Yes
BB1158,CUST390,Male,44,Indore,Household,Detergent,4,464.99,1859.96,UPI,2025-02-04,15,1580.97,No
BB1159,CUST931,Female,62,Patna,Electronics,Laptop,7,126.1,882.7,Cash,2024-12-09,20,706.16,Yes
BB1160,CUST256,Female,24,Pune,Groceries,Paneer,10,73.09,730.9,Wallet,2024-09-02,10,657.81,Yes
BB1161,CUST582,Male,48,Thane,Toys & Games,Coloring Kit,5,160.98,804.9,Cash,2024-12-20,5,764.65,Yes
BB1162,CUST601,Male,28,Lucknow,Furniture,Plastic Stool,4,497.73,1990.92,Credit Card,2024-11-28,15,1692.28,Yes
BB1163,CUST961,Female,54,Thane,Apparel,Cap,8,120.28,962.24,Cash,2025-01-25,20,769.79,Yes
BB1164,CUST271,Male,22,Patna,Toys & Games,Board Game,7,205.67,1439.69,Wallet,2025-01-03,10,1295.72,No
BB1165,CUST703,Female,23,Thane,Household,Room Freshener,1,209.4,209.4,Credit Card,2024-10-22,15,177.99,Yes
BB1166,CUST765,Female,23,Chennai,Toys & Games,Building Blocks,9,403.39,3630.51,Wallet,2024-11-08,0,3630.51,Yes
BB1167,CUST814,Female,56,Indore,Stationery,Scale,3,32.48,97.44,Wallet,2025-05-03,20,77.95,No
BB1168,CUST915,Male,45,Hyderabad,Beauty,Perfume,1,266.25,266.25,Wallet,2024-09-30,0,266.25,Yes
BB1169,CUST810,Female,55,Pune,Household,Toilet Paper,1,133.2,133.2,Wallet,2025-01-22,20,106.56,Yes
BB1170,CUST919,Male,49,Jaipur,Household,Broom,9,222.85,2005.65,Cash,2024-07-05,20,1604.52,No
BB1171,CUST239,Male,33,Ranchi,Stationery,Pen,5,77.47,387.35,UPI,2025-03-29,20,309.88,Yes
BB1172,CUST280,Female,40,Ranchi,Electronics,Smartwatch,4,160.57,642.28,UPI,2024-10-31,0,642.28,No
BB1173,CUST313,Male,58,Surat,Furniture,Plastic Stool,10,234.53,2345.3,Wallet,2024-07-17,15,1993.51,No
BB1174,CUST924,Female,63,Patna,Stationery,Pencil,9,60.9,548.1,UPI,2024-10-11,20,438.48,No
BB1175,CUST273,Male,56,Lucknow,Sports,Gym Gloves,5,379.95,1899.75,Credit Card,2024-09-26,0,1899.75,Yes
BB1176,CUST716,Female,56,Hyderabad,Beauty,Perfume,3,192.11,576.33,Credit Card,2025-06-14,20,461.06,Yes
BB1177,CUST677,Female,39,Ahmedabad,Kitchen,Gas Lighter,6,142.15,852.9,UPI,2024-11-06,15,724.96,Yes
BB1178,CUST541,Female,40,Bhopal,Stationery,Pen,4,165.83,663.32,Wallet,2024-10-14,5,630.15,Yes
BB1179,CUST373,Female,46,Patna,Groceries,Oil,6,411.74,2470.44,Cash,2024-11-09,5,2346.92,Yes
BB1180,CUST153,Male,31,Thane,Household,Mop,9,286.11,2574.99,UPI,2025-06-12,20,2059.99,Yes
BB1181,CUST629,Male,46,Lucknow,Sports,Skipping Rope,7,446.66,3126.62,UPI,2025-02-17,15,2657.63,No
BB1182,CUST415,Male,28,Kolkata,Electronics,Smartwatch,4,102.81,411.24,Credit Card,2025-02-13,5,390.68,Yes
BB1183,CUST245,Male,65,Bangalore,Stationery,Files,3,438.44,1315.32,UPI,2025-03-19,20,1052.26,No
BB1184,CUST512,Female,29,Ahmedabad,Groceries,Honey,6,338.8,2032.8,Wallet,2024-11-20,20,1626.24,Yes
BB1185,CUST451,Male,64,Delhi,Apparel,Leggings,6,440.44,2642.64,Wallet,2024-11-29,10,2378.38,Yes
BB1186,CUST615,Female,47,Ahmedabad,Apparel,Track Pants,2,352.97,705.94,Credit Card,2025-02-24,15,600.05,No
BB1187,CUST116,Male,33,Indore,Electronics,Headphones,3,155.4,466.2,Cash,2024-07-01,0,466.2,No
BB1188,CUST591,Male,32,Visakhapatnam,Household,Room Freshener,10,333.65,3336.5,Cash,2024-09-09,5,3169.67,Yes
BB1189,CUST737,Female,59,Chandigarh,Beauty,Hair Oil,7,46.23,323.61,Cash,2024-10-31,20,258.89,No
BB1190,CUST926,Female,56,Ahmedabad,Kitchen,Gas Lighter,4,461.02,1844.08,Wallet,2024-09-26,15,1567.47,No
BB1191,CUST769,Female,62,Jaipur,Kitchen,Rolling Pin,7,480.58,3364.06,Wallet,2025-02-19,20,2691.25,No
BB1192,CUST125,Female,39,Mumbai,Kitchen,Rolling Pin,9,429.18,3862.62,Cash,2024-11-16,20,3090.1,No
BB1193,CUST940,Female,51,Indore,Groceries,Pickles,1,347.99,347.99,Cash,2025-05-17,5,330.59,No
BB1194,CUST607,Female,29,Ahmedabad,Groceries,Bread,2,429.66,859.32,Cash,2025-01-24,20,687.46,No
BB1195,CUST550,Male,36,Hyderabad,Apparel,Saree,9,444.17,3997.53,UPI,2024-11-29,5,3797.65,Yes
BB1196,CUST864,Female,23,Jaipur,Apparel,Jacket,4,484.74,1938.96,Cash,2024-11-25,0,1938.96,Yes
BB1197,CUST318,Female,39,Pune,Toys & Games,Building Blocks,10,195.57,1955.7,UPI,2025-03-14,15,1662.35,No
BB1198,CUST155,Female,55,Mumbai,Beauty,Conditioner,4,227.97,911.88,UPI,2024-12-01,10,820.69,Yes
BB1199,CUST884,Female,25,Indore,Toys & Games,Board Game,5,375.96,1879.8,Cash,2025-02-28,20,1503.84,No
BB1200,CUST749,Female,54,Kolkata,Beauty,Lotion,7,230.16,1611.12,Credit Card,2024-07-18,10,1450.01,Yes
BB1201,CUST533,Male,57,Visakhapatnam,Electronics,Fridge,2,298.72,597.44,Credit Card,2024-12-10,20,477.95,Yes
BB1202,CUST665,Female,41,Nagpur,Groceries,Spices,4,341.87,1367.48,Credit Card,2024-10-03,0,1367.48,No
BB1203,CUST357,Male,37,Hyderabad,Beauty,Lotion,5,170.18,850.9,UPI,2024-08-27,20,680.72,No
BB1204,CUST780,Female,34,Delhi,Stationery,Whiteboard Marker,5,105.32,526.6,Cash,2025-01-10,0,526.6,No
BB1205,CUST587,Female,54,Surat,Toys & Games,Coloring Kit,3,205.95,617.85,Credit Card,2024-12-26,5,586.96,Yes
BB1206,CUST944,Male,54,Ranchi,Electronics,Tablet,8,179.74,1437.92,Credit Card,2025-01-22,15,1222.23,Yes
BB1207,CUST556,Female,31,Thane,Apparel,T-Shirt,8,372.05,2976.4,Wallet,2025-04-03,5,2827.58,Yes
BB1208,CUST325,Male,63,Thane,Kitchen,Cutting Board,8,64.67,517.36,Credit Card,2025-05-20,0,517.36,No
BB1209,CUST917,Male,31,Delhi,Beauty,Face Cream,8,238.04,1904.32,UPI,2024-12-29,0,1904.32,Yes
BB1210,CUST661,Female,34,Ahmedabad,Furniture,Bookshelf,10,273.64,2736.4,Cash,2024-10-23,5,2599.58,No
BB1211,CUST415,Female,36,Chandigarh,Electronics,Washing Machine,3,369.32,1107.96,UPI,2024-12-18,15,941.77,No
BB1212,CUST643,Male,39,Indore,Sports,Yoga Mat,6,53.92,323.52,Credit Card,2025-04-23,15,274.99,No
BB1213,CUST635,Female,46,Vadodara,Apparel,Jeans,4,114.97,459.88,UPI,2025-05-17,5,436.89,No
BB1214,CUST661,Female,38,Patna,Stationery,Notebook,8,155.01,1240.08,UPI,2025-04-24,5,1178.08,No
BB1215,CUST544,Female,37,Indore,Furniture,Foldable Table,1,208.68,208.68,Cash,2024-09-07,10,187.81,No
BB1216,CUST806,Female,64,Ranchi,Stationery,Pen,1,107.75,107.75,UPI,2025-07-01,15,91.59,No
BB1217,CUST686,Male,35,Ahmedabad,Apparel,Track Pants,1,314.89,314.89,UPI,2025-02-17,10,283.4,Yes
BB1218,CUST286,Male,33,Chandigarh,Apparel,Sweater,4,451.93,1807.72,Cash,2024-07-31,20,1446.18,No
BB1219,CUST239,Female,21,Jaipur,Stationery,Glue Stick,9,283.06,2547.54,Wallet,2025-03-23,10,2292.79,Yes
BB1220,CUST434,Female,31,Jaipur,Beauty,Perfume,6,321.2,1927.2,Credit Card,2025-06-27,5,1830.84,No
BB1221,CUST474,Male,47,Bangalore,Beauty,Face Cream,5,314.94,1574.7,UPI,2024-11-25,10,1417.23,No
BB1222,CUST933,Female,33,Pune,Kitchen,Peeler,6,461.19,2767.14,Wallet,2025-03-06,20,2213.71,Yes
BB1223,CUST161,Male,22,Chennai,Electronics,Fridge,1,396.65,396.65,UPI,2024-10-24,15,337.15,No
BB1224,CUST110,Male,50,Thane,Furniture,Foldable Table,2,209.41,418.82,Wallet,2024-09-17,10,376.94,Yes
BB1225,CUST186,Male,48,Bangalore,Household,Dishwash,2,370.62,741.24,UPI,2025-03-20,10,667.12,Yes
BB1226,CUST974,Female,62,Hyderabad,Sports,Yoga Mat,7,398.42,2788.94,Cash,2024-07-01,5,2649.49,Yes
BB1227,CUST516,Male,43,Kolkata,Furniture,Foldable Table,1,425.79,425.79,Credit Card,2025-04-28,15,361.92,No
BB1228,CUST473,Male,54,Thane,Groceries,Sugar,7,359.99,2519.93,Cash,2025-01-10,15,2141.94,No
BB1229,CUST477,Female,65,Chennai,Groceries,Honey,10,404.16,4041.6,Wallet,2024-08-05,0,4041.6,No
BB1230,CUST437,Male,61,Delhi,Kitchen,Rolling Pin,4,201.52,806.08,Wallet,2024-08-13,5,765.78,No
BB1231,CUST780,Male,63,Vadodara,Beauty,Face Wash,7,196.99,1378.93,Cash,2025-02-23,20,1103.14,Yes
BB1232,CUST990,Male,53,Patna,Groceries,Rice,4,96.0,384.0,UPI,2025-05-16,15,326.4,No
BB1233,CUST823,Male,49,Bhopal,Toys & Games,Puzzle,1,318.76,318.76,UPI,2024-10-11,20,255.01,No
BB1234,CUST543,Female,52,Lucknow,Apparel,T-Shirt,7,51.97,363.79,UPI,2025-06-24,10,327.41,Yes
BB1235,CUST440,Male,41,Pune,Household,Broom,3,156.66,469.98,Cash,2024-08-06,0,469.98,Yes
BB1236,CUST450,Male,36,Surat,Electronics,Charger,9,129.21,1162.89,Wallet,2025-05-09,15,988.46,Yes
BB1237,CUST889,Female,40,Thane,Sports,Dumbbells,1,116.54,116.54,UPI,2024-11-23,10,104.89,Yes
BB1238,CUST605,Male,43,Delhi,Kitchen,Chopping Board,1,482.37,482.37,UPI,2024-07-30,0,482.37,No
BB1239,CUST885,Female,37,Mumbai,Kitchen,Non-stick Pan,6,82.12,492.72,UPI,2024-10-09,5,468.08,No
BB1240,CUST743,Male,49,Delhi,Kitchen,Utensils,10,413.54,4135.4,Cash,2024-12-13,5,3928.63,Yes
BB1241,CUST527,Male,64,Ranchi,Household,Room Freshener,7,192.73,1349.11,UPI,2025-04-16,5,1281.65,Yes
BB1242,CUST712,Male,58,Kolkata,Furniture,Plastic Stool,9,175.71,1581.39,UPI,2025-05-12,10,1423.25,Yes
BB1243,CUST511,Female,54,Indore,Beauty,Face Wash,9,475.28,4277.52,Credit Card,2024-08-18,5,4063.64,No
BB1244,CUST516,Female,40,Lucknow,Stationery,Marker,6,168.42,1010.52,UPI,2025-01-07,0,1010.52,No
BB1245,CUST191,Female,58,Indore,Apparel,Sweater,1,154.96,154.96,UPI,2025-02-24,0,154.96,No
BB1246,CUST568,Female,42,Pune,Kitchen,Gas Lighter,2,138.49,276.98,Wallet,2024-11-05,20,221.58,Yes
BB1247,CUST982,Male,21,Ahmedabad,Beauty,Sunscreen,2,32.55,65.1,Credit Card,2025-05-16,20,52.08,Yes
BB1248,CUST731,Female,39,Bhopal,Apparel,Leggings,6,74.6,447.6,Wallet,2024-10-10,15,380.46,No
BB1249,CUST710,Female,31,Jaipur,Sports,Shuttlecock,1,91.15,91.15,Wallet,2024-07-07,15,77.48,No
BB1250,CUST349,Male,38,Surat,Toys & Games,Soft Toy,8,123.16,985.28,Credit Card,2024-07-15,10,886.75,No
BB1251,CUST380,Female,38,Lucknow,Toys & Games,Doll,2,335.81,671.62,Credit Card,2025-03-07,15,570.88,No
BB1252,CUST348,Male,22,Jaipur,Beauty,Lotion,5,383.33,1916.65,Wallet,2025-01-21,20,1533.32,Yes
BB1253,CUST411,Female,24,Surat,Sports,Tennis Racket,10,26.65,266.5,UPI,2025-06-12,5,253.17,Yes
BB1254,CUST939,Male,26,Ahmedabad,Household,Bucket,8,185.12,1480.96,Cash,2025-06-09,15,1258.82,Yes
BB1255,CUST585,Male,60,Surat,Stationery,Scale,3,456.09,1368.27,UPI,2025-05-30,5,1299.86,No
BB1256,CUST898,Male,41,Nagpur,Sports,Water Bottle,5,384.85,1924.25,Cash,2024-07-16,0,1924.25,No
BB1257,CUST235,Female,41,Visakhapatnam,Beauty,Deodorant,7,409.07,2863.49,Cash,2025-04-01,0,2863.49,No
BB1258,CUST362,Male,43,Mumbai,Groceries,Paneer,8,319.5,2556.0,Cash,2025-03-14,20,2044.8,Yes
BB1259,CUST729,Male,50,Lucknow,Kitchen,Mixer Grinder,10,76.54,765.4,Cash,2025-02-25,20,612.32,No
BB1260,CUST651,Female,53,Nagpur,Sports,Cricket Bat,2,417.62,835.24,UPI,2025-03-18,10,751.72,Yes
BB1261,CUST975,Male,43,Chennai,Apparel,T-Shirt,2,78.23,156.46,Credit Card,2025-05-27,5,148.64,Yes
BB1262,CUST487,Female,40,Surat,Sports,Cricket Bat,9,45.04,405.36,Wallet,2025-02-20,0,405.36,No
BB1263,CUST475,Female,51,Chennai,Kitchen,Tiffin Box,10,303.1,3031.0,Cash,2024-11-14,10,2727.9,Yes
BB1264,CUST927,Female,64,Thane,Electronics,Microwave,5,498.38,2491.9,Credit Card,2025-01-13,15,2118.12,No
BB1265,CUST637,Female,30,Lucknow,Kitchen,Rolling Pin,5,74.56,372.8,Credit Card,2024-09-15,5,354.16,Yes
BB1266,CUST255,Male,25,Kolkata,Groceries,Sugar,5,400.64,2003.2,Wallet,2025-01-31,10,1802.88,No
BB1267,CUST991,Male,55,Visakhapatnam,Stationery,Marker,4,409.45,1637.8,Credit Card,2024-07-04,15,1392.13,No
BB1268,CUST788,Male,62,Indore,Sports,Skipping Rope,5,217.87,1089.35,Cash,2024-08-25,20,871.48,Yes
BB1269,CUST766,Female,29,Surat,Stationery,Scissors,9,134.15,1207.35,Wallet,2024-10-31,0,1207.35,Yes
BB1270,CUST555,Female,35,Bhopal,Kitchen,Tiffin Box,6,342.22,2053.32,Credit Card,2025-04-16,15,1745.32,No
BB1271,CUST186,Female,62,Kolkata,Stationery,Scale,2,135.45,270.9,Cash,2025-03-20,5,257.35,No
BB1272,CUST603,Male,23,Vadodara,Stationery,Marker,4,136.56,546.24,Wallet,2024-11-01,0,546.24,No
BB1273,CUST119,Male,61,Mumbai,Stationery,Marker,10,303.66,3036.6,UPI,2025-02-13,0,3036.6,No
BB1274,CUST662,Male,43,Jaipur,Household,Toilet Paper,1,265.67,265.67,UPI,2024-07-16,20,212.54,No
BB1275,CUST115,Female,52,Visakhapatnam,Groceries,Sugar,7,162.04,1134.28,Wallet,2024-08-29,0,1134.28,No
BB1276,CUST278,Male,26,Patna,Stationery,Glue Stick,9,389.24,3503.16,Credit Card,2025-06-25,5,3328.0,No
BB1277,CUST412,Male,24,Bangalore,Sports,Basketball,6,498.23,2989.38,Credit Card,2024-10-14,10,2690.44,No
BB1278,CUST696,Female,48,Jaipur,Kitchen,Utensils,1,426.43,426.43,UPI,2024-11-22,15,362.47,No
BB1279,CUST132,Male,41,Chennai,Groceries,Eggs,3,221.53,664.59,Wallet,2025-01-17,20,531.67,Yes
BB1280,CUST445,Female,20,Ahmedabad,Furniture,Chair,9,202.03,1818.27,Wallet,2024-10-16,15,1545.53,No
BB1281,CUST205,Male,51,Thane,Household,Detergent,1,172.32,172.32,Cash,2024-12-22,20,137.86,Yes
BB1282,CUST999,Female,51,Surat,Sports,Cricket Bat,6,156.77,940.62,UPI,2024-09-26,10,846.56,Yes
BB1283,CUST710,Female,38,Kolkata,Toys & Games,Building Blocks,9,70.27,632.43,UPI,2024-07-18,15,537.57,Yes
BB1284,CUST282,Female,61,Mumbai,Kitchen,Gas Lighter,3,411.12,1233.36,Cash,2024-09-04,5,1171.69,No
BB1285,CUST612,Female,31,Visakhapatnam,Electronics,Power Bank,9,379.02,3411.18,Cash,2025-01-08,5,3240.62,No
BB1286,CUST813,Male,55,Chennai,Apparel,Shirt,10,315.36,3153.6,Cash,2024-07-26,20,2522.88,Yes
BB1287,CUST846,Male,41,Thane,Groceries,Butter,2,300.71,601.42,UPI,2024-11-25,5,571.35,No
BB1288,CUST168,Female,64,Surat,Beauty,Face Wash,9,339.31,3053.79,Credit Card,2024-10-29,15,2595.72,Yes
BB1289,CUST485,Female,36,Patna,Furniture,Bookshelf,7,240.69,1684.83,Cash,2024-11-29,15,1432.11,Yes
BB1290,CUST950,Female,42,Surat,Electronics,Charger,7,206.06,1442.42,UPI,2024-08-06,0,1442.42,No
BB1291,CUST700,Female,30,Hyderabad,Kitchen,Knife Set,3,348.09,1044.27,Credit Card,2025-05-29,5,992.06,No
BB1292,CUST484,Female,49,Surat,Stationery,Files,10,385.23,3852.3,Cash,2024-12-21,15,3274.45,Yes
BB1293,CUST124,Female,51,Pune,Kitchen,Mixer Grinder,4,203.94,815.76,Credit Card,2025-05-04,20,652.61,No
BB1294,CUST824,Female,37,Nagpur,Apparel,Shirt,7,109.81,768.67,Cash,2025-06-23,0,768.67,No
BB1295,CUST276,Male,23,Pune,Groceries,Paneer,3,302.88,908.64,Wallet,2024-11-03,0,908.64,No
BB1296,CUST922,Male,56,Hyderabad,Furniture,Bookshelf,2,436.09,872.18,UPI,2024-12-23,20,697.74,No
BB1297,CUST971,Male,55,Chennai,Apparel,Track Pants,5,316.62,1583.1,Wallet,2025-03-14,20,1266.48,Yes
BB1298,CUST968,Male,44,Mumbai,Electronics,Smartwatch,8,102.47,819.76,Wallet,2024-12-04,0,819.76,Yes
BB1299,CUST523,Male,57,Hyderabad,Furniture,Shoe Rack,5,96.84,484.2,Cash,2024-10-19,10,435.78,No
BB1300,CUST396,Male,39,Mumbai,Stationery,Eraser,8,450.0,3600.0,UPI,2025-03-26,10,3240.0,No
BB1301,CUST473,Female,21,Thane,Stationery,Scale,7,143.92,1007.44,Cash,2025-05-24,5,957.07,No
BB1302,CUST338,Male,21,Vadodara,Household,Toilet Cleaner,5,231.43,1157.15,Credit Card,2025-06-02,5,1099.29,No
BB1303,CUST459,Female,40,Lucknow,Household,Bucket,9,413.22,3718.98,Credit Card,2025-02-15,15,3161.13,No
BB1304,CUST768,Male,27,Kolkata,Household,Bucket,4,339.1,1356.4,Cash,2024-11-15,20,1085.12,Yes
BB1305,CUST762,Male,42,Hyderabad,Toys & Games,Building Blocks,7,52.14,364.98,Credit Card,2025-06-22,15,310.23,No
BB1306,CUST644,Female,54,Bhopal,Sports,Tennis Racket,10,423.33,4233.3,UPI,2025-02-19,5,4021.63,Yes
BB1307,CUST618,Male,53,Hyderabad,Furniture,Chair,1,174.11,174.11,Cash,2024-07-25,0,174.11,No
BB1308,CUST514,Female,22,Thane,Electronics,Headphones,5,408.69,2043.45,UPI,2024-07-31,0,2043.45,Yes
BB1309,CUST881,Male,46,Ahmedabad,Groceries,Pickles,6,225.64,1353.84,Credit Card,2025-04-01,10,1218.46,No
BB1310,CUST978,Male,55,Lucknow,Groceries,Paneer,3,106.52,319.56,UPI,2024-07-23,10,287.6,No
BB1311,CUST918,Male,23,Bangalore,Furniture,Shoe Rack,2,454.93,909.86,Credit Card,2024-07-03,0,909.86,Yes
BB1312,CUST286,Male,22,Bangalore,Beauty,Body Wash,5,225.08,1125.4,Cash,2024-11-22,5,1069.13,Yes
BB1313,CUST746,Female,62,Vadodara,Sports,Yoga Mat,5,170.58,852.9,Credit Card,2025-01-06,0,852.9,No
BB1314,CUST437,Male,56,Delhi,Furniture,Bean Bag,10,29.26,292.6,UPI,2024-12-12,10,263.34,No
BB1315,CUST569,Female,54,Bangalore,Electronics,Tablet,1,375.34,375.34,Wallet,2024-12-26,10,337.81,No
BB1316,CUST566,Male,21,Bhopal,Household,Cloth Hanger,3,289.16,867.48,Cash,2025-01-31,5,824.11,No
BB1317,CUST406,Female,54,Indore,Toys & Games,Action Figure,5,337.82,1689.1,UPI,2025-03-06,10,1520.19,No
BB1318,CUST214,Male,21,Visakhapatnam,Stationery,Files,10,86.58,865.8,Credit Card,2024-12-02,20,692.64,Yes
BB1319,CUST495,Male,29,Bhopal,Kitchen,Non-stick Pan,10,490.47,4904.7,UPI,2024-11-12,15,4168.99,No
BB1320,CUST209,Female,54,Thane,Household,Room Freshener,7,193.77,1356.39,Wallet,2025-06-27,5,1288.57,No
BB1321,CUST894,Female,35,Chandigarh,Apparel,Cap,8,272.5,2180.0,Wallet,2024-10-04,10,1962.0,No
BB1322,CUST303,Male,22,Nagpur,Groceries,Salt,5,313.11,1565.55,UPI,2025-04-11,0,1565.55,Yes
BB1323,CUST608,Female,22,Bhopal,Toys & Games,Soft Toy,5,447.62,2238.1,Credit Card,2024-12-05,10,2014.29,No
BB1324,CUST687,Male,26,Delhi,Kitchen,Cutting Board,4,383.38,1533.52,Wallet,2024-11-09,10,1380.17,No
BB1325,CUST284,Female,48,Bangalore,Apparel,Socks,9,314.97,2834.73,UPI,2024-07-24,0,2834.73,Yes
BB1326,CUST948,Male,33,Pune,Groceries,Paneer,3,55.25,165.75,UPI,2025-05-13,10,149.18,Yes
BB1327,CUST307,Male,24,Chennai,Kitchen,Gas Lighter,10,316.41,3164.1,Wallet,2025-03-14,15,2689.48,Yes
BB1328,CUST695,Female,25,Ahmedabad,Household,Detergent,8,373.91,2991.28,UPI,2025-05-27,0,2991.28,No
BB1329,CUST990,Female,48,Hyderabad,Stationery,Highlighter,5,147.5,737.5,Credit Card,2024-12-13,10,663.75,Yes
BB1330,CUST969,Male,50,Lucknow,Furniture,Foldable Table,10,317.66,3176.6,Credit Card,2025-03-05,15,2700.11,No
BB1331,CUST753,Female,58,Visakhapatnam,Beauty,Kajal,3,485.39,1456.17,Wallet,2024-08-13,10,1310.55,No
BB1332,CUST148,Female,37,Surat,Beauty,Lotion,1,226.18,226.18,Credit Card,2024-11-23,5,214.87,Yes
BB1333,CUST509,Female,47,Bangalore,Beauty,Body Wash,10,390.4,3904.0,Wallet,2024-09-14,10,3513.6,No
BB1334,CUST768,Female,36,Kolkata,Stationery,Stapler,8,425.07,3400.56,Wallet,2024-07-16,15,2890.48,Yes
BB1335,CUST620,Female,61,Thane,Sports,Tennis Racket,7,42.25,295.75,Cash,2025-06-12,0,295.75,Yes
BB1336,CUST635,Female,20,Bhopal,Beauty,Lip Balm,10,464.26,4642.6,Credit Card,2024-09-18,10,4178.34,Yes
BB1337,CUST513,Male,19,Bhopal,Furniture,Shoe Rack,7,228.24,1597.68,Credit Card,2024-08-23,10,1437.91,No
BB1338,CUST829,Female,34,Chandigarh,Sports,Football,6,361.14,2166.84,Credit Card,2024-09-11,5,2058.5,No
BB1339,CUST448,Male,40,Ranchi,Beauty,Lip Balm,10,22.05,220.5,Cash,2024-11-16,0,220.5,No
BB1340,CUST966,Male,30,Visakhapatnam,Household,Toilet Paper,9,251.15,2260.35,Cash,2025-01-16,0,2260.35,Yes
BB1341,CUST709,Male,63,Jaipur,Kitchen,Mixer Grinder,4,235.36,941.44,Cash,2024-08-25,5,894.37,No
BB1342,CUST997,Female,60,Vadodara,Stationery,Stapler,4,238.6,954.4,Cash,2025-06-27,0,954.4,Yes
BB1343,CUST849,Female,56,Delhi,Beauty,Body Wash,7,169.77,1188.39,Credit Card,2025-06-25,5,1128.97,Yes
BB1344,CUST904,Female,53,Chandigarh,Stationery,Whiteboard Marker,5,316.56,1582.8,Credit Card,2024-08-24,0,1582.8,No
BB1345,CUST101,Female,60,Chennai,Toys & Games,Board Game,2,140.2,280.4,Credit Card,2024-11-26,20,224.32,Yes
BB1346,CUST213,Female,65,Chandigarh,Sports,Gym Gloves,6,169.73,1018.38,Cash,2025-03-06,20,814.7,No
BB1347,CUST251,Female,47,Mumbai,Apparel,Track Pants,9,470.86,4237.74,Credit Card,2025-05-18,10,3813.97,Yes
BB1348,CUST898,Female,30,Bangalore,Sports,Tennis Racket,4,492.18,1968.72,UPI,2024-12-29,15,1673.41,No
BB1349,CUST842,Female,36,Chennai,Sports,Shuttlecock,1,473.84,473.84,Cash,2025-06-01,5,450.15,No
BB1350,CUST608,Female,46,Surat,Apparel,T-Shirt,4,300.45,1201.8,Cash,2024-10-27,5,1141.71,Yes
BB1351,CUST202,Male,54,Patna,Furniture,Foldable Table,4,367.12,1468.48,Wallet,2024-12-30,5,1395.06,No
BB1352,CUST566,Male,59,Ranchi,Toys & Games,Puzzle,5,35.86,179.3,UPI,2024-12-30,0,179.3,Yes
BB1353,CUST437,Female,30,Thane,Sports,Shuttlecock,2,254.79,509.58,UPI,2025-03-03,5,484.1,Yes
BB1354,CUST718,Female,63,Thane,Apparel,Leggings,3,363.82,1091.46,UPI,2024-09-12,10,982.31,No
BB1355,CUST484,Male,30,Patna,Toys & Games,Soft Toy,9,190.71,1716.39,Cash,2025-02-09,0,1716.39,No
BB1356,CUST828,Female,55,Jaipur,Furniture,Shoe Rack,8,461.13,3689.04,Credit Card,2024-09-19,5,3504.59,No
BB1357,CUST743,Female,39,Visakhapatnam,Kitchen,Chopping Board,2,356.92,713.84,Wallet,2024-11-02,20,571.07,No
BB1358,CUST832,Female,48,Ranchi,Beauty,Lotion,10,450.4,4504.0,Wallet,2025-06-18,0,4504.0,Yes
BB1359,CUST907,Male,26,Vadodara,Sports,Shuttlecock,5,451.89,2259.45,Cash,2025-05-26,0,2259.45,Yes
BB1360,CUST523,Male,54,Bhopal,Electronics,Washing Machine,9,408.58,3677.22,UPI,2025-04-26,10,3309.5,No
BB1361,CUST568,Male,42,Bhopal,Beauty,Kajal,5,381.31,1906.55,Wallet,2024-07-13,10,1715.89,Yes
BB1362,CUST612,Male,23,Mumbai,Groceries,Milk,2,281.13,562.26,Cash,2024-08-24,20,449.81,Yes
BB1363,CUST322,Male,54,Patna,Beauty,Face Cream,2,53.83,107.66,UPI,2024-10-03,0,107.66,No
BB1364,CUST386,Male,61,Pune,Beauty,Sunscreen,7,74.69,522.83,UPI,2025-04-14,20,418.26,Yes
BB1365,CUST323,Male,49,Jaipur,Apparel,Cap,6,220.88,1325.28,Credit Card,2025-05-05,0,1325.28,Yes
BB1366,CUST771,Female,23,Delhi,Household,Doormat,9,122.38,1101.42,Cash,2025-01-30,10,991.28,Yes
BB1367,CUST888,Male,23,Bangalore,Furniture,Bookshelf,5,182.03,910.15,Wallet,2025-03-20,10,819.13,Yes
BB1368,CUST647,Male,63,Surat,Stationery,Marker,2,316.8,633.6,Cash,2025-04-22,15,538.56,Yes
BB1369,CUST905,Male,48,Visakhapatnam,Beauty,Conditioner,6,498.99,2993.94,Credit Card,2024-07-25,5,2844.24,Yes
BB1370,CUST428,Female,19,Patna,Furniture,Plastic Stool,7,469.3,3285.1,Wallet,2024-07-31,20,2628.08,No
BB1371,CUST408,Male,51,Delhi,Kitchen,Peeler,1,320.37,320.37,UPI,2025-05-15,10,288.33,Yes
BB1372,CUST870,Female,39,Delhi,Stationery,Pencil,5,306.5,1532.5,Cash,2024-07-15,0,1532.5,Yes
BB1373,CUST357,Male,51,Mumbai,Groceries,Dal,1,386.72,386.72,Wallet,2024-09-21,20,309.38,No
BB1374,CUST114,Female,50,Thane,Sports,Dumbbells,7,103.37,723.59,Wallet,2024-07-15,10,651.23,Yes
BB1375,CUST704,Female,23,Indore,Toys & Games,Doll,1,462.15,462.15,Credit Card,2024-07-06,15,392.83,No
BB1376,CUST595,Female,27,Thane,Toys & Games,Remote Car,9,277.62,2498.58,Cash,2025-05-05,20,1998.86,Yes
BB1377,CUST965,Female,26,Chandigarh,Groceries,Rice,7,320.39,2242.73,Cash,2024-10-29,0,2242.73,No
BB1378,CUST850,Female,47,Bhopal,Toys & Games,Action Figure,9,341.21,3070.89,UPI,2024-08-28,20,2456.71,No
BB1379,CUST977,Female,44,Bhopal,Kitchen,Mixer Grinder,1,186.62,186.62,Cash,2024-08-24,0,186.62,Yes
BB1380,CUST771,Male,57,Delhi,Household,Cloth Hanger,2,68.31,136.62,Wallet,2025-02-26,20,109.3,Yes
BB1381,CUST455,Female,18,Kolkata,Stationery,Pen,4,248.33,993.32,Cash,2025-06-20,0,993.32,Yes
BB1382,CUST241,Male,46,Surat,Groceries,Salt,7,22.24,155.68,Cash,2025-01-01,10,140.11,Yes
BB1383,CUST148,Female,45,Mumbai,Stationery,Eraser,2,458.25,916.5,Wallet,2025-05-26,10,824.85,No
BB1384,CUST139,Male,40,Thane,Stationery,Files,10,383.42,3834.2,UPI,2024-12-31,5,3642.49,Yes
BB1385,CUST700,Male,39,Surat,Beauty,Sunscreen,5,79.84,399.2,UPI,2025-01-27,5,379.24,No
BB1386,CUST498,Male,40,Pune,Apparel,Sweater,10,151.82,1518.2,Cash,2025-03-06,15,1290.47,Yes
BB1387,CUST450,Male,57,Ranchi,Apparel,Sweater,5,347.27,1736.35,Credit Card,2025-04-21,15,1475.9,Yes
BB1388,CUST401,Male,47,Ahmedabad,Apparel,Leggings,10,23.66,236.6,Credit Card,2025-04-04,20,189.28,No
BB1389,CUST908,Female,23,Ranchi,Apparel,Jacket,10,418.01,4180.1,Wallet,2025-06-28,0,4180.1,Yes
BB1390,CUST808,Male,18,Bhopal,Beauty,Lotion,7,394.99,2764.93,Cash,2025-03-31,20,2211.94,Yes
BB1391,CUST245,Male,52,Bhopal,Stationery,Eraser,2,65.02,130.04,Cash,2025-05-28,0,130.04,No
BB1392,CUST494,Male,33,Nagpur,Electronics,Washing Machine,8,474.69,3797.52,Cash,2024-09-14,0,3797.52,Yes
BB1393,CUST789,Female,33,Patna,Household,Detergent,3,409.17,1227.51,Cash,2025-01-12,10,1104.76,Yes
BB1394,CUST881,Male,19,Hyderabad,Electronics,Washing Machine,5,118.55,592.75,Cash,2025-02-05,0,592.75,No
BB1395,CUST253,Male,47,Hyderabad,Sports,Water Bottle,2,25.91,51.82,Credit Card,2025-04-29,10,46.64,No
BB1396,CUST176,Female,47,Ranchi,Household,Detergent,7,295.69,2069.83,Cash,2024-12-24,20,1655.86,Yes
BB1397,CUST816,Female,47,Thane,Electronics,Fridge,5,289.18,1445.9,Credit Card,2025-04-16,10,1301.31,Yes
BB1398,CUST475,Female,20,Vadodara,Electronics,Air Conditioner,6,466.05,2796.3,Wallet,2024-11-20,10,2516.67,Yes
BB1399,CUST253,Female,46,Kolkata,Sports,Gym Gloves,5,194.85,974.25,Cash,2025-01-31,5,925.54,Yes
BB1400,CUST899,Female,59,Nagpur,Stationery,Eraser,1,432.43,432.43,Cash,2025-05-08,20,345.94,No
BB1401,CUST991,Male,38,Delhi,Kitchen,Mixer Grinder,8,38.38,307.04,Wallet,2025-04-19,0,307.04,No
BB1402,CUST899,Male,63,Ranchi,Beauty,Face Wash,6,108.1,648.6,Credit Card,2025-02-26,5,616.17,Yes
BB1403,CUST270,Male,62,Nagpur,Toys & Games,Doll,10,345.7,3457.0,Cash,2024-07-01,0,3457.0,Yes
BB1404,CUST728,Female,47,Indore,Apparel,T-Shirt,9,240.44,2163.96,Credit Card,2024-09-05,20,1731.17,No
BB1405,CUST210,Female,37,Ranchi,Groceries,Pickles,7,454.23,3179.61,UPI,2025-01-02,15,2702.67,Yes
BB1406,CUST861,Female,39,Nagpur,Electronics,Fridge,9,312.75,2814.75,Credit Card,2024-10-02,0,2814.75,No
BB1407,CUST312,Male,40,Jaipur,Toys & Games,Board Game,3,33.13,99.39,UPI,2024-07-25,5,94.42,No
BB1408,CUST471,Male,37,Ahmedabad,Beauty,Body Wash,6,355.26,2131.56,Cash,2025-05-11,10,1918.4,No
BB1409,CUST294,Female,38,Visakhapatnam,Stationery,Scissors,8,196.98,1575.84,Wallet,2025-06-11,0,1575.84,No
BB1410,CUST429,Female,29,Patna,Stationery,Pen,5,94.75,473.75,UPI,2024-10-19,0,473.75,Yes
BB1411,CUST287,Male,25,Indore,Beauty,Kajal,10,245.14,2451.4,UPI,2024-11-27,5,2328.83,No
BB1412,CUST405,Female,54,Hyderabad,Stationery,Notebook,9,31.36,282.24,Credit Card,2025-04-23,20,225.79,Yes
BB1413,CUST487,Male,40,Ahmedabad,Kitchen,Chopping Board,3,97.32,291.96,UPI,2024-07-23,20,233.57,No
BB1414,CUST157,Female,37,Mumbai,Furniture,Plastic Stool,4,483.59,1934.36,UPI,2025-02-20,5,1837.64,Yes
BB1415,CUST175,Female,38,Chennai,Apparel,Shoes,5,474.26,2371.3,UPI,2024-08-16,5,2252.74,No
BB1416,CUST872,Female,25,Patna,Apparel,Jeans,9,91.6,824.4,Cash,2024-10-14,10,741.96,No
BB1417,CUST284,Female,27,Lucknow,Groceries,Oil,3,338.0,1014.0,Cash,2025-04-30,5,963.3,No
BB1418,CUST977,Female,28,Patna,Kitchen,Peeler,4,377.43,1509.72,Credit Card,2024-07-21,15,1283.26,Yes
BB1419,CUST187,Male,64,Kolkata,Electronics,Air Conditioner,3,89.91,269.73,Credit Card,2024-07-14,20,215.78,Yes
BB1420,CUST781,Female,24,Kolkata,Kitchen,Tiffin Box,2,291.34,582.68,UPI,2024-11-30,20,466.14,No
BB1421,CUST459,Male,59,Kolkata,Household,Dustbin,6,90.41,542.46,Credit Card,2024-12-28,0,542.46,No
BB1422,CUST372,Female,48,Patna,Kitchen,Chopping Board,7,102.21,715.47,Wallet,2025-05-12,5,679.7,Yes
BB1423,CUST812,Male,56,Ranchi,Furniture,Table,8,444.07,3552.56,Wallet,2025-03-20,20,2842.05,No
BB1424,CUST952,Male,20,Jaipur,Sports,Basketball,10,468.81,4688.1,Wallet,2025-03-04,15,3984.89,Yes
BB1425,CUST955,Male,35,Delhi,Groceries,Spices,10,407.55,4075.5,UPI,2024-08-25,20,3260.4,No
BB1426,CUST447,Female,25,Mumbai,Kitchen,Chopping Board,2,113.03,226.06,Cash,2025-06-27,0,226.06,No
BB1427,CUST702,Male,45,Thane,Stationery,Scissors,3,306.12,918.36,Wallet,2024-11-28,20,734.69,Yes
BB1428,CUST142,Male,33,Ahmedabad,Furniture,Bookshelf,1,197.15,197.15,UPI,2025-02-09,10,177.44,Yes
BB1429,CUST461,Female,30,Visakhapatnam,Kitchen,Knife Set,2,179.06,358.12,UPI,2024-11-19,0,358.12,No
BB1430,CUST135,Female,38,Chandigarh,Sports,Tennis Racket,6,373.79,2242.74,UPI,2024-07-18,15,1906.33,Yes
BB1431,CUST731,Female,25,Mumbai,Toys & Games,Board Game,9,39.39,354.51,Wallet,2024-12-20,10,319.06,No
BB1432,CUST886,Male,20,Chennai,Electronics,Headphones,4,248.52,994.08,Credit Card,2024-08-25,15,844.97,Yes
BB1433,CUST196,Female,33,Bangalore,Groceries,Spices,5,429.36,2146.8,UPI,2024-07-12,10,1932.12,Yes
BB1434,CUST979,Male,28,Kolkata,Toys & Games,Soft Toy,10,261.59,2615.9,Cash,2025-02-11,20,2092.72,No
BB1435,CUST309,Female,52,Lucknow,Electronics,Air Conditioner,1,397.57,397.57,UPI,2025-02-16,5,377.69,Yes
BB1436,CUST323,Female,18,Surat,Stationery,Pencil,2,416.63,833.26,Wallet,2024-08-08,10,749.93,Yes
BB1437,CUST672,Male,24,Ahmedabad,Toys & Games,Doll,5,268.03,1340.15,Wallet,2025-01-17,15,1139.13,Yes
BB1438,CUST474,Male,47,Pune,Toys & Games,Board Game,3,320.28,960.84,UPI,2024-11-04,20,768.67,Yes
BB1439,CUST618,Male,55,Thane,Electronics,TV,2,286.23,572.46,UPI,2024-11-18,20,457.97,Yes
BB1440,CUST459,Male,56,Jaipur,Kitchen,Peeler,7,340.38,2382.66,Cash,2025-04-11,20,1906.13,No
BB1441,CUST578,Female,30,Surat,Apparel,Saree,8,450.58,3604.64,Cash,2024-12-27,15,3063.94,Yes
BB1442,CUST428,Male,25,Vadodara,Electronics,Bluetooth Speaker,5,154.12,770.6,Cash,2025-05-19,0,770.6,Yes
BB1443,CUST868,Male,36,Chennai,Beauty,Lip Balm,5,66.8,334.0,Cash,2025-02-09,10,300.6,No
BB1444,CUST384,Male,54,Lucknow,Beauty,Deodorant,7,239.53,1676.71,Wallet,2024-12-18,0,1676.71,No
BB1445,CUST527,Female,38,Indore,Kitchen,Knife Set,7,79.82,558.74,Wallet,2025-02-17,5,530.8,Yes
BB1446,CUST766,Female,62,Jaipur,Apparel,Shoes,1,165.76,165.76,Wallet,2024-11-01,10,149.18,No
BB1447,CUST662,Female,56,Ranchi,Beauty,Deodorant,6,443.92,2663.52,UPI,2024-08-15,10,2397.17,Yes
BB1448,CUST411,Male,45,Chennai,Beauty,Face Wash,9,368.96,3320.64,Wallet,2025-03-07,0,3320.64,No
BB1449,CUST574,Female,48,Delhi,Groceries,Eggs,9,321.28,2891.52,Cash,2025-02-13,10,2602.37,No
BB1450,CUST757,Male,34,Mumbai,Apparel,Track Pants,2,149.31,298.62,UPI,2025-04-15,0,298.62,No
BB1451,CUST192,Male,22,Ranchi,Kitchen,Utensils,6,484.02,2904.12,Wallet,2024-08-16,5,2758.91,No
BB1452,CUST790,Male,47,Delhi,Furniture,Table,3,112.93,338.79,Cash,2025-05-30,15,287.97,Yes
BB1453,CUST986,Male,19,Delhi,Toys & Games,Toy Gun,10,360.21,3602.1,UPI,2025-04-19,0,3602.1,Yes
BB1454,CUST131,Female,61,Chennai,Kitchen,Tiffin Box,1,440.75,440.75,Wallet,2025-06-01,15,374.64,Yes
BB1455,CUST612,Female,51,Bhopal,Kitchen,Utensils,6,97.48,584.88,UPI,2025-05-16,20,467.9,No
BB1456,CUST578,Female,26,Chandigarh,Sports,Cricket Bat,2,498.6,997.2,UPI,2025-03-07,5,947.34,No
BB1457,CUST161,Male,54,Chandigarh,Household,Dustbin,4,352.81,1411.24,UPI,2025-04-23,10,1270.12,Yes
BB1458,CUST591,Female,41,Bangalore,Groceries,Milk,5,143.03,715.15,Credit Card,2025-01-06,0,715.15,No
BB1459,CUST307,Female,50,Nagpur,Stationery,Scale,9,225.22,2026.98,UPI,2025-04-14,0,2026.98,Yes
BB1460,CUST166,Female,48,Surat,Electronics,Charger,4,153.09,612.36,Credit Card,2024-09-08,5,581.74,Yes
BB1461,CUST906,Female,21,Delhi,Furniture,Bookshelf,3,391.49,1174.47,Credit Card,2025-04-13,10,1057.02,No
BB1462,CUST481,Male,24,Delhi,Kitchen,Mixer Grinder,5,389.81,1949.05,Credit Card,2024-12-10,20,1559.24,No
BB1463,CUST306,Male,43,Mumbai,Kitchen,Rolling Pin,9,269.93,2429.37,Cash,2025-04-03,5,2307.9,No
BB1464,CUST201,Female,19,Kolkata,Stationery,Pencil,10,129.05,1290.5,UPI,2024-12-14,10,1161.45,Yes
BB1465,CUST262,Male,51,Kolkata,Beauty,Shampoo,5,379.58,1897.9,Wallet,2025-04-15,0,1897.9,Yes
BB1466,CUST845,Male,19,Chandigarh,Stationery,Scale,8,254.84,2038.72,Cash,2024-07-28,20,1630.98,Yes
BB1467,CUST410,Male,37,Lucknow,Apparel,Saree,3,392.68,1178.04,Credit Card,2024-07-17,5,1119.14,No
BB1468,CUST838,Female,21,Pune,Groceries,Spices,7,292.43,2047.01,Credit Card,2025-06-07,20,1637.61,No
BB1469,CUST762,Male,52,Indore,Groceries,Rice,1,446.67,446.67,Wallet,2024-12-25,20,357.34,No
BB1470,CUST551,Male,53,Delhi,Groceries,Dal,6,138.0,828.0,UPI,2025-05-26,15,703.8,Yes
BB1471,CUST513,Male,52,Bangalore,Household,Cloth Hanger,4,393.28,1573.12,UPI,2025-06-11,15,1337.15,Yes
BB1472,CUST775,Male,47,Vadodara,Toys & Games,Toy Gun,3,86.33,258.99,Cash,2025-03-01,20,207.19,No
BB1473,CUST321,Female,64,Delhi,Sports,Yoga Mat,7,34.62,242.34,Cash,2025-01-26,5,230.22,Yes
BB1474,CUST318,Female,35,Nagpur,Electronics,Mobile,6,85.53,513.18,Credit Card,2024-09-18,20,410.54,No
BB1475,CUST877,Female,29,Hyderabad,Apparel,Shorts,10,490.06,4900.6,Cash,2024-08-04,0,4900.6,No
BB1476,CUST755,Female,50,Ranchi,Toys & Games,Action Figure,9,269.02,2421.18,Wallet,2025-04-26,0,2421.18,No
BB1477,CUST939,Female,29,Hyderabad,Electronics,Charger,2,187.55,375.1,Credit Card,2025-05-22,20,300.08,No
BB1478,CUST163,Female,18,Bangalore,Kitchen,Rolling Pin,5,77.56,387.8,UPI,2025-04-12,10,349.02,Yes
BB1479,CUST669,Male,58,Mumbai,Household,Dustbin,5,194.03,970.15,Credit Card,2025-03-13,10,873.13,Yes
BB1480,CUST639,Male,55,Indore,Beauty,Face Cream,5,437.29,2186.45,Wallet,2024-12-01,5,2077.13,No
BB1481,CUST173,Female,48,Vadodara,Apparel,Leggings,6,154.18,925.08,UPI,2024-10-20,15,786.32,No
BB1482,CUST168,Female,32,Thane,Apparel,Dupatta,2,487.45,974.9,Credit Card,2024-08-11,0,974.9,Yes
BB1483,CUST390,Male,40,Chandigarh,Furniture,Wardrobe Organizer,10,245.02,2450.2,Wallet,2024-12-03,20,1960.16,Yes
BB1484,CUST469,Male,20,Pune,Beauty,Body Wash,10,345.1,3451.0,UPI,2025-01-24,15,2933.35,No
BB1485,CUST679,Female,64,Pune,Kitchen,Peeler,3,160.01,480.03,Wallet,2025-06-03,20,384.02,No
BB1486,CUST236,Male,34,Jaipur,Furniture,Plastic Stool,5,26.9,134.5,Wallet,2025-06-08,10,121.05,Yes
BB1487,CUST293,Male,60,Ahmedabad,Stationery,Stapler,2,199.35,398.7,Credit Card,2024-11-30,15,338.89,No
BB1488,CUST565,Male,49,Thane,Beauty,Lip Balm,1,39.77,39.77,Credit Card,2024-08-06,10,35.79,Yes
BB1489,CUST989,Male,62,Bangalore,Sports,Gym Gloves,3,84.42,253.26,UPI,2025-04-10,20,202.61,No
BB1490,CUST935,Male,38,Jaipur,Apparel,Saree,2,263.3,526.6,Credit Card,2025-03-26,10,473.94,No
BB1491,CUST738,Male,37,Mumbai,Toys & Games,Remote Car,10,294.45,2944.5,UPI,2024-07-12,20,2355.6,No
BB1492,CUST768,Female,31,Nagpur,Electronics,Headphones,7,238.85,1671.95,UPI,2024-12-11,15,1421.16,No
BB1493,CUST861,Female,32,Vadodara,Electronics,Microwave,6,59.02,354.12,Wallet,2025-03-09,5,336.41,Yes
BB1494,CUST154,Male,24,Thane,Beauty,Face Cream,9,335.3,3017.7,Wallet,2024-07-12,15,2565.04,No
BB1495,CUST770,Female,46,Kolkata,Apparel,Sweater,1,450.16,450.16,Cash,2025-06-02,15,382.64,No
BB1496,CUST384,Male,35,Chandigarh,Groceries,Spices,4,338.7,1354.8,Credit Card,2025-06-18,15,1151.58,Yes
BB1497,CUST789,Male,21,Visakhapatnam,Furniture,Mattress,3,93.99,281.97,Wallet,2025-03-22,20,225.58,Yes
BB1498,CUST927,Female,61,Patna,Groceries,Butter,3,63.72,191.16,Cash,2024-07-29,15,162.49,No
BB1499,CUST870,Female,41,Jaipur,Sports,Gym Gloves,8,88.0,704.0,Credit Card,2024-07-26,5,668.8,No
BB1500,CUST211,Male,47,Chennai,Kitchen,Rolling Pin,1,451.23,451.23,Credit Card,2024-11-09,5,428.67,Yes
BB1501,CUST660,Female,64,Nagpur,Furniture,Bookshelf,4,66.19,264.76,Cash,2024-07-11,0,264.76,Yes
BB1502,CUST166,Male,65,Surat,Toys & Games,Rubik Cube,2,385.33,770.66,UPI,2024-11-05,0,770.66,No
BB1503,CUST404,Male,22,Bhopal,Beauty,Body Wash,2,314.27,628.54,Wallet,2024-07-04,20,502.83,No
BB1504,CUST348,Female,27,Kolkata,Electronics,Tablet,10,160.24,1602.4,Cash,2025-06-22,10,1442.16,No
BB1505,CUST381,Male,51,Ahmedabad,Toys & Games,Coloring Kit,4,295.75,1183.0,Wallet,2025-04-26,15,1005.55,Yes
BB1506,CUST540,Male,45,Surat,Groceries,Salt,3,404.26,1212.78,Cash,2024-07-26,15,1030.86,No
BB1507,CUST649,Female,24,Chandigarh,Sports,Tennis Racket,6,436.8,2620.8,Cash,2025-05-23,0,2620.8,Yes
BB1508,CUST349,Male,35,Bangalore,Kitchen,Chopping Board,6,38.17,229.02,UPI,2024-09-15,5,217.57,Yes
BB1509,CUST791,Male,37,Indore,Beauty,Perfume,5,191.85,959.25,Wallet,2024-09-13,15,815.36,No
BB1510,CUST375,Female,36,Vadodara,Groceries,Tea,9,349.22,3142.98,Wallet,2025-03-04,5,2985.83,Yes
BB1511,CUST986,Male,45,Bhopal,Electronics,Mobile,5,137.46,687.3,Credit Card,2025-06-09,15,584.2,No
BB1512,CUST127,Female,43,Ranchi,Apparel,Sweater,2,139.4,278.8,UPI,2024-08-15,0,278.8,No
BB1513,CUST773,Female,35,Nagpur,Beauty,Kajal,3,44.02,132.06,Cash,2024-07-03,20,105.65,No
BB1514,CUST545,Male,26,Kolkata,Toys & Games,Rubik Cube,4,247.52,990.08,Credit Card,2024-11-13,10,891.07,Yes
BB1515,CUST182,Female,53,Jaipur,Sports,Yoga Mat,10,276.69,2766.9,Wallet,2024-07-10,0,2766.9,No
BB1516,CUST562,Female,39,Thane,Furniture,Mattress,8,140.93,1127.44,Cash,2025-02-07,0,1127.44,No
BB1517,CUST565,Female,61,Mumbai,Household,Toilet Cleaner,2,278.66,557.32,Credit Card,2025-05-11,15,473.72,Yes
BB1518,CUST110,Male,22,Lucknow,Kitchen,Peeler,5,281.25,1406.25,Wallet,2024-09-07,15,1195.31,No
BB1519,CUST868,Female,18,Chandigarh,Groceries,Bread,4,129.67,518.68,UPI,2024-08-11,5,492.75,Yes
BB1520,CUST926,Female,48,Lucknow,Toys & Games,Soft Toy,4,262.62,1050.48,Cash,2024-11-04,5,997.96,Yes
BB1521,CUST824,Female,64,Pune,Stationery,Files,2,311.73,623.46,Cash,2025-06-17,15,529.94,No
BB1522,CUST131,Female,34,Ranchi,Sports,Football,10,277.14,2771.4,Credit Card,2024-08-17,15,2355.69,Yes
BB1523,CUST380,Female,53,Vadodara,Stationery,Marker,8,195.24,1561.92,Cash,2025-06-19,15,1327.63,Yes
BB1524,CUST297,Male,31,Lucknow,Beauty,Conditioner,8,426.43,3411.44,Cash,2024-11-10,10,3070.3,Yes
BB1525,CUST283,Female,64,Pune,Stationery,Notebook,8,90.62,724.96,Cash,2024-12-21,0,724.96,Yes
BB1526,CUST960,Female,45,Pune,Sports,Tennis Racket,4,110.92,443.68,UPI,2024-10-16,5,421.5,Yes
BB1527,CUST367,Male,46,Kolkata,Furniture,Bookshelf,6,300.15,1800.9,Wallet,2025-06-08,10,1620.81,No
BB1528,CUST790,Male,34,Chennai,Sports,Football,8,227.76,1822.08,Cash,2025-06-16,5,1730.98,Yes
BB1529,CUST372,Male,51,Patna,Toys & Games,Rubik Cube,6,390.2,2341.2,Wallet,2025-02-18,10,2107.08,No
BB1530,CUST788,Female,54,Lucknow,Electronics,Tablet,9,420.88,3787.92,Wallet,2024-09-06,10,3409.13,No
BB1531,CUST540,Female,22,Lucknow,Beauty,Perfume,9,87.0,783.0,UPI,2025-06-29,20,626.4,Yes
BB1532,CUST330,Female,18,Jaipur,Beauty,Kajal,1,179.54,179.54,UPI,2024-08-07,20,143.63,Yes
BB1533,CUST955,Male,61,Chennai,Toys & Games,Soft Toy,6,103.72,622.32,Wallet,2025-01-29,15,528.97,No
BB1534,CUST206,Male,59,Bangalore,Groceries,Dal,8,287.74,2301.92,Cash,2024-08-27,10,2071.73,Yes
BB1535,CUST332,Male,35,Chandigarh,Stationery,Notebook,8,388.25,3106.0,UPI,2025-05-25,0,3106.0,No
BB1536,CUST811,Female,58,Indore,Groceries,Jaggery,4,167.22,668.88,UPI,2025-06-12,20,535.1,Yes
BB1537,CUST169,Female,43,Ahmedabad,Stationery,Pen,4,147.12,588.48,Cash,2025-04-21,10,529.63,No
BB1538,CUST688,Male,35,Mumbai,Toys & Games,Toy Gun,7,108.63,760.41,Wallet,2024-10-24,10,684.37,Yes
BB1539,CUST848,Male,48,Lucknow,Household,Dustbin,6,289.91,1739.46,UPI,2024-09-27,20,1391.57,Yes
BB1540,CUST525,Male,23,Chennai,Toys & Games,Coloring Kit,4,249.13,996.52,Wallet,2025-04-03,15,847.04,No
BB1541,CUST943,Female,32,Jaipur,Furniture,Bookshelf,9,111.55,1003.95,Cash,2024-10-15,15,853.36,Yes
BB1542,CUST916,Male,49,Surat,Stationery,Scale,7,325.52,2278.64,Credit Card,2024-12-01,0,2278.64,Yes
BB1543,CUST788,Male,44,Lucknow,Household,Detergent,3,460.16,1380.48,UPI,2024-07-17,10,1242.43,Yes
BB1544,CUST694,Male,63,Lucknow,Sports,Shuttlecock,9,225.97,2033.73,Wallet,2024-08-18,10,1830.36,No
BB1545,CUST335,Female,62,Bhopal,Beauty,Deodorant,2,161.62,323.24,Wallet,2024-07-08,15,274.75,Yes
BB1546,CUST998,Female,29,Bangalore,Groceries,Butter,1,236.39,236.39,UPI,2024-07-29,0,236.39,Yes
BB1547,CUST674,Male,25,Hyderabad,Groceries,Rice,7,468.59,3280.13,Wallet,2024-07-27,5,3116.12,Yes
BB1548,CUST656,Female,49,Pune,Beauty,Perfume,6,225.28,1351.68,UPI,2024-12-01,10,1216.51,No
BB1549,CUST415,Male,22,Surat,Apparel,Jeans,3,410.14,1230.42,UPI,2025-01-18,10,1107.38,No
BB1550,CUST136,Female,27,Visakhapatnam,Kitchen,Mixer Grinder,1,39.97,39.97,Wallet,2025-03-29,15,33.97,Yes
BB1551,CUST825,Male,36,Visakhapatnam,Beauty,Hair Oil,6,124.72,748.32,UPI,2024-08-22,20,598.66,No
BB1552,CUST405,Female,63,Delhi,Furniture,Plastic Stool,5,244.8,1224.0,UPI,2024-12-02,5,1162.8,Yes
BB1553,CUST498,Male,56,Ahmedabad,Furniture,Bookshelf,5,82.27,411.35,UPI,2025-02-19,10,370.22,No
BB1554,CUST412,Male,24,Ahmedabad,Groceries,Oil,4,218.03,872.12,Wallet,2024-07-31,15,741.3,Yes
BB1555,CUST917,Female,57,Thane,Toys & Games,Board Game,9,196.6,1769.4,Credit Card,2024-12-10,20,1415.52,Yes
BB1556,CUST125,Female,34,Delhi,Household,Detergent,9,295.1,2655.9,Wallet,2024-11-13,15,2257.51,Yes
BB1557,CUST316,Male,22,Ahmedabad,Sports,Water Bottle,7,235.66,1649.62,Credit Card,2025-06-13,15,1402.18,Yes
BB1558,CUST749,Female,30,Mumbai,Kitchen,Peeler,1,481.86,481.86,Cash,2024-07-22,10,433.67,No
BB1559,CUST498,Female,40,Kolkata,Beauty,Face Cream,5,129.28,646.4,Credit Card,2024-11-27,0,646.4,Yes
BB1560,CUST961,Male,46,Surat,Groceries,Oil,7,76.62,536.34,Credit Card,2024-11-30,20,429.07,Yes
BB1561,CUST245,Female,23,Surat,Sports,Tennis Racket,1,180.5,180.5,Wallet,2025-03-24,20,144.4,No
BB1562,CUST434,Female,29,Patna,Toys & Games,Puzzle,7,137.64,963.48,Cash,2024-10-26,0,963.48,Yes
BB1563,CUST436,Male,46,Bhopal,Toys & Games,Puzzle,2,433.41,866.82,Wallet,2024-09-13,10,780.14,No
BB1564,CUST242,Male,60,Visakhapatnam,Furniture,Bean Bag,4,117.94,471.76,UPI,2024-10-16,20,377.41,No
BB1565,CUST217,Female,30,Kolkata,Household,Bucket,8,72.28,578.24,UPI,2024-12-20,10,520.42,Yes
BB1566,CUST332,Female,29,Hyderabad,Groceries,Wheat,9,212.73,1914.57,Cash,2025-06-13,20,1531.66,No
BB1567,CUST571,Male,26,Jaipur,Groceries,Pickles,6,302.6,1815.6,UPI,2025-04-18,20,1452.48,No
BB1568,CUST930,Male,18,Nagpur,Furniture,Foldable Table,9,23.69,213.21,Cash,2024-10-10,15,181.23,Yes
BB1569,CUST436,Female,19,Visakhapatnam,Groceries,Butter,4,420.11,1680.44,UPI,2025-01-21,15,1428.37,No
BB1570,CUST606,Male,22,Nagpur,Toys & Games,Puzzle,3,227.87,683.61,Cash,2025-03-09,10,615.25,No
BB1571,CUST228,Female,31,Chennai,Groceries,Tea,10,393.13,3931.3,Credit Card,2025-04-18,10,3538.17,Yes
BB1572,CUST782,Male,19,Jaipur,Electronics,TV,7,100.43,703.01,Credit Card,2024-12-11,10,632.71,No
BB1573,CUST103,Female,32,Delhi,Kitchen,Gas Lighter,4,40.66,162.64,Credit Card,2024-11-23,5,154.51,No
BB1574,CUST124,Female,20,Delhi,Electronics,Power Bank,8,62.62,500.96,Cash,2025-04-07,15,425.82,Yes
BB1575,CUST695,Male,42,Vadodara,Furniture,Sofa Cover,4,283.86,1135.44,Wallet,2024-12-06,0,1135.44,Yes
BB1576,CUST364,Male,47,Visakhapatnam,Kitchen,Rolling Pin,4,473.58,1894.32,UPI,2024-09-29,10,1704.89,No
BB1577,CUST462,Female,36,Patna,Electronics,Bluetooth Speaker,8,164.88,1319.04,Cash,2024-12-13,15,1121.18,Yes
BB1578,CUST553,Female,19,Pune,Household,Cleaning Gloves,8,153.13,1225.04,Wallet,2025-06-08,15,1041.28,No
BB1579,CUST244,Male,30,Kolkata,Furniture,Foldable Table,8,256.44,2051.52,UPI,2024-08-22,0,2051.52,Yes
BB1580,CUST403,Female,52,Delhi,Toys & Games,Puzzle,10,166.31,1663.1,UPI,2024-12-17,15,1413.63,No
BB1581,CUST882,Male,51,Delhi,Sports,Cricket Bat,1,72.22,72.22,Cash,2025-02-19,20,57.78,No
BB1582,CUST752,Female,22,Thane,Beauty,Perfume,6,366.87,2201.22,Cash,2024-12-24,15,1871.04,Yes
BB1583,CUST862,Male,46,Mumbai,Beauty,Kajal,1,487.1,487.1,Wallet,2024-09-13,15,414.04,Yes
BB1584,CUST554,Male,46,Chennai,Electronics,Headphones,3,142.84,428.52,Credit Card,2024-07-01,20,342.82,Yes
BB1585,CUST802,Male,60,Nagpur,Groceries,Flour,10,104.46,1044.6,Wallet,2025-03-13,15,887.91,No
BB1586,CUST907,Male,62,Hyderabad,Beauty,Deodorant,1,303.7,303.7,Cash,2025-02-12,20,242.96,No
BB1587,CUST829,Male,36,Thane,Groceries,Dal,5,481.53,2407.65,Wallet,2024-07-03,20,1926.12,Yes
BB1588,CUST840,Male,44,Lucknow,Groceries,Jaggery,10,402.22,4022.2,Wallet,2024-10-18,15,3418.87,Yes
BB1589,CUST296,Female,34,Mumbai,Kitchen,Utensils,8,138.86,1110.88,Credit Card,2025-04-08,15,944.25,Yes
BB1590,CUST907,Female,27,Surat,Groceries,Milk,8,53.65,429.2,UPI,2025-02-16,20,343.36,No
BB1591,CUST239,Female,39,Hyderabad,Groceries,Sugar,6,82.75,496.5,UPI,2025-01-16,5,471.67,Yes
BB1592,CUST244,Male,33,Ranchi,Groceries,Eggs,4,252.31,1009.24,Credit Card,2024-08-27,5,958.78,No
BB1593,CUST998,Female,58,Thane,Beauty,Kajal,2,97.21,194.42,Wallet,2025-03-16,10,174.98,No
BB1594,CUST231,Female,47,Visakhapatnam,Sports,Tennis Racket,3,369.69,1109.07,Credit Card,2024-12-20,5,1053.62,No
BB1595,CUST518,Female,61,Pune,Groceries,Milk,3,464.23,1392.69,Credit Card,2025-03-06,15,1183.79,Yes
BB1596,CUST715,Male,33,Visakhapatnam,Electronics,Smartwatch,2,355.24,710.48,Cash,2025-04-05,0,710.48,Yes
BB1597,CUST662,Male,28,Lucknow,Toys & Games,Board Game,10,306.02,3060.2,UPI,2024-09-24,20,2448.16,No
BB1598,CUST108,Male,37,Chandigarh,Groceries,Pickles,4,450.74,1802.96,Wallet,2025-04-05,0,1802.96,Yes
BB1599,CUST700,Male,53,Pune,Electronics,Microwave,6,49.13,294.78,Credit Card,2024-10-11,5,280.04,No
BB1600,CUST925,Male,64,Bhopal,Groceries,Wheat,3,273.01,819.03,Cash,2025-06-26,15,696.18,Yes
BB1601,CUST953,Male,33,Lucknow,Beauty,Sunscreen,10,121.29,1212.9,Wallet,2024-08-14,5,1152.26,Yes
BB1602,CUST188,Male,31,Jaipur,Electronics,Air Conditioner,1,420.8,420.8,UPI,2025-05-20,10,378.72,Yes
BB1603,CUST891,Male,64,Chennai,Stationery,Scale,9,371.44,3342.96,UPI,2024-07-15,0,3342.96,No
BB1604,CUST398,Male,36,Ahmedabad,Groceries,Paneer,6,190.4,1142.4,UPI,2024-10-02,0,1142.4,Yes
BB1605,CUST982,Male,60,Lucknow,Toys & Games,Board Game,4,46.11,184.44,Credit Card,2025-01-09,0,184.44,Yes
BB1606,CUST165,Female,60,Delhi,Apparel,Socks,3,127.25,381.75,Credit Card,2025-01-29,10,343.57,Yes
BB1607,CUST295,Male,18,Surat,Stationery,Scissors,8,246.46,1971.68,Wallet,2024-11-23,20,1577.34,Yes
BB1608,CUST314,Male,50,Nagpur,Household,Cleaning Gloves,8,289.11,2312.88,Wallet,2024-08-07,0,2312.88,Yes
BB1609,CUST264,Female,45,Delhi,Electronics,Air Conditioner,6,166.64,999.84,UPI,2024-10-01,0,999.84,No
BB1610,CUST904,Female,52,Lucknow,Electronics,Power Bank,9,199.02,1791.18,Credit Card,2024-10-12,15,1522.5,No
BB1611,CUST109,Male,34,Bangalore,Toys & Games,Toy Gun,9,377.36,3396.24,Credit Card,2025-04-03,10,3056.62,Yes
BB1612,CUST427,Male,40,Ahmedabad,Apparel,Jacket,6,254.99,1529.94,Wallet,2025-05-29,10,1376.95,Yes
BB1613,CUST499,Female,64,Pune,Stationery,Marker,5,54.58,272.9,Wallet,2025-02-03,10,245.61,Yes
BB1614,CUST418,Male,58,Nagpur,Household,Bucket,1,34.3,34.3,Cash,2024-07-13,10,30.87,Yes
BB1615,CUST626,Female,36,Thane,Electronics,Headphones,10,428.54,4285.4,Wallet,2025-04-16,20,3428.32,Yes
BB1616,CUST689,Male,59,Ranchi,Kitchen,Non-stick Pan,3,279.17,837.51,UPI,2024-10-20,20,670.01,No
BB1617,CUST227,Female,18,Kolkata,Sports,Football,5,499.79,2498.95,Wallet,2024-11-02,5,2374.0,Yes
BB1618,CUST930,Male,43,Visakhapatnam,Toys & Games,Toy Gun,6,491.97,2951.82,Credit Card,2025-01-11,10,2656.64,Yes
BB1619,CUST409,Male,30,Pune,Kitchen,Chopping Board,2,59.19,118.38,Credit Card,2024-09-30,0,118.38,Yes
BB1620,CUST928,Male,41,Jaipur,Toys & Games,Soft Toy,8,349.65,2797.2,Wallet,2025-06-02,0,2797.2,Yes
BB1621,CUST382,Male,64,Ranchi,Toys & Games,Building Blocks,8,207.72,1661.76,Credit Card,2024-08-29,10,1495.58,Yes
BB1622,CUST185,Female,30,Vadodara,Electronics,Fridge,7,70.16,491.12,Wallet,2024-11-29,10,442.01,Yes
BB1623,CUST862,Female,55,Mumbai,Apparel,Socks,5,344.63,1723.15,Cash,2024-10-15,20,1378.52,No
BB1624,CUST809,Male,50,Chennai,Stationery,Pen,9,477.97,4301.73,Wallet,2025-01-07,20,3441.38,No
BB1625,CUST421,Female,61,Jaipur,Toys & Games,Action Figure,3,175.14,525.42,Cash,2025-01-27,5,499.15,No
BB1626,CUST522,Male,32,Pune,Groceries,Cereal,2,353.44,706.88,Cash,2025-02-15,10,636.19,No
BB1627,CUST133,Female,37,Nagpur,Toys & Games,Puzzle,5,492.09,2460.45,UPI,2025-01-11,10,2214.4,Yes
BB1628,CUST497,Female,26,Lucknow,Electronics,Headphones,4,489.43,1957.72,Wallet,2024-11-28,15,1664.06,Yes
BB1629,CUST223,Female,63,Patna,Kitchen,Utensils,8,130.6,1044.8,Cash,2025-02-18,20,835.84,No
BB1630,CUST493,Male,57,Chennai,Electronics,Bluetooth Speaker,7,96.6,676.2,Credit Card,2024-11-25,0,676.2,Yes
BB1631,CUST803,Female,32,Lucknow,Toys & Games,Soft Toy,7,324.22,2269.54,Cash,2025-04-11,0,2269.54,No
BB1632,CUST107,Female,32,Ranchi,Furniture,Bean Bag,9,246.35,2217.15,Wallet,2025-04-15,0,2217.15,No
BB1633,CUST513,Male,46,Mumbai,Toys & Games,Board Game,10,290.83,2908.3,Cash,2024-10-15,5,2762.89,No
BB1634,CUST192,Female,39,Ranchi,Sports,Shuttlecock,2,166.87,333.74,Credit Card,2024-11-14,20,266.99,Yes
BB1635,CUST903,Male,64,Indore,Sports,Cricket Bat,5,193.03,965.15,Credit Card,2025-02-16,20,772.12,No
BB1636,CUST135,Female,43,Ranchi,Kitchen,Tiffin Box,7,27.68,193.76,UPI,2024-08-27,10,174.38,Yes
BB1637,CUST717,Male,40,Pune,Groceries,Jaggery,1,132.39,132.39,Cash,2025-03-13,15,112.53,No
BB1638,CUST849,Female,36,Pune,Household,Mop,9,122.46,1102.14,Wallet,2024-11-17,10,991.93,No
BB1639,CUST125,Male,39,Surat,Stationery,Scissors,6,210.86,1265.16,Credit Card,2025-02-02,0,1265.16,Yes
BB1640,CUST494,Female,39,Vadodara,Stationery,Pencil,8,123.79,990.32,Credit Card,2024-08-21,15,841.77,No
BB1641,CUST843,Female,36,Jaipur,Toys & Games,Soft Toy,2,97.21,194.42,Credit Card,2025-03-02,20,155.54,Yes
BB1642,CUST825,Male,57,Kolkata,Kitchen,Peeler,2,217.5,435.0,Credit Card,2024-11-07,5,413.25,No
BB1643,CUST795,Male,46,Bhopal,Toys & Games,Toy Gun,4,42.38,169.52,Cash,2024-12-20,10,152.57,No
BB1644,CUST398,Male,34,Surat,Household,Broom,4,275.45,1101.8,Credit Card,2024-11-29,5,1046.71,No
BB1645,CUST258,Female,34,Vadodara,Toys & Games,Rubik Cube,7,218.35,1528.45,Wallet,2024-12-22,15,1299.18,Yes
BB1646,CUST373,Male,53,Bangalore,Kitchen,Tiffin Box,9,443.99,3995.91,UPI,2025-03-12,5,3796.11,No
BB1647,CUST997,Male,59,Ranchi,Household,Broom,9,402.26,3620.34,Wallet,2024-10-25,10,3258.31,Yes
BB1648,CUST308,Male,20,Thane,Electronics,Tablet,7,74.9,524.3,Cash,2025-02-24,0,524.3,Yes
BB1649,CUST471,Female,59,Mumbai,Kitchen,Cutting Board,3,235.66,706.98,Credit Card,2024-07-23,5,671.63,Yes
BB1650,CUST399,Female,29,Thane,Beauty,Perfume,5,101.28,506.4,Credit Card,2024-10-18,5,481.08,No
BB1651,CUST366,Female,23,Nagpur,Sports,Cricket Bat,2,397.72,795.44,UPI,2025-03-30,20,636.35,Yes
BB1652,CUST680,Female,63,Surat,Groceries,Spices,4,80.08,320.32,Cash,2024-07-20,5,304.3,No
BB1653,CUST361,Female,36,Chandigarh,Electronics,Air Conditioner,3,298.91,896.73,UPI,2025-02-13,15,762.22,Yes
BB1654,CUST880,Male,62,Nagpur,Sports,Basketball,3,372.44,1117.32,Wallet,2024-07-10,20,893.86,No
BB1655,CUST140,Female,35,Indore,Apparel,Socks,5,472.18,2360.9,Wallet,2024-12-20,15,2006.77,No
BB1656,CUST720,Female,20,Surat,Stationery,Notebook,3,358.73,1076.19,Wallet,2025-05-22,0,1076.19,No
BB1657,CUST467,Male,27,Ranchi,Apparel,Kurta,8,176.64,1413.12,Wallet,2024-07-04,0,1413.12,No
BB1658,CUST719,Male,59,Indore,Apparel,Dupatta,3,344.0,1032.0,Credit Card,2025-01-09,5,980.4,No
BB1659,CUST404,Female,25,Bhopal,Household,Dishwash,6,250.89,1505.34,Wallet,2024-07-25,15,1279.54,Yes
BB1660,CUST580,Male,28,Mumbai,Sports,Shuttlecock,1,159.62,159.62,Credit Card,2025-05-14,20,127.7,Yes
BB1661,CUST259,Male,35,Patna,Stationery,Pen,8,256.82,2054.56,Cash,2025-03-09,15,1746.38,Yes
BB1662,CUST711,Female,21,Ahmedabad,Toys & Games,Rubik Cube,5,443.39,2216.95,Credit Card,2025-03-29,0,2216.95,No
BB1663,CUST872,Male,59,Nagpur,Stationery,Scale,9,496.73,4470.57,Credit Card,2025-03-02,0,4470.57,No
BB1664,CUST555,Female,56,Pune,Beauty,Sunscreen,7,218.36,1528.52,Credit Card,2024-07-03,10,1375.67,Yes
BB1665,CUST960,Female,56,Hyderabad,Beauty,Conditioner,4,404.7,1618.8,UPI,2024-07-16,10,1456.92,Yes
BB1666,CUST127,Female,39,Mumbai,Kitchen,Knife Set,5,99.06,495.3,Cash,2025-02-13,0,495.3,Yes
BB1667,CUST850,Male,27,Mumbai,Toys & Games,Remote Car,3,425.34,1276.02,Cash,2025-07-01,5,1212.22,Yes
BB1668,CUST506,Male,23,Chennai,Groceries,Paneer,3,92.85,278.55,UPI,2025-05-16,10,250.7,No
BB1669,CUST942,Male,49,Surat,Kitchen,Utensils,3,24.09,72.27,Credit Card,2025-03-14,5,68.66,Yes
BB1670,CUST721,Female,46,Thane,Toys & Games,Board Game,5,132.87,664.35,Wallet,2025-03-24,15,564.7,No
BB1671,CUST114,Female,20,Bangalore,Toys & Games,Soft Toy,7,135.22,946.54,Wallet,2024-09-21,15,804.56,No
BB1672,CUST203,Male,52,Thane,Groceries,Wheat,1,434.0,434.0,Cash,2025-04-02,0,434.0,No
BB1673,CUST213,Male,32,Patna,Groceries,Flour,3,393.1,1179.3,Cash,2024-10-14,15,1002.4,Yes
BB1674,CUST772,Male,22,Ahmedabad,Apparel,Dupatta,10,169.07,1690.7,UPI,2024-08-08,5,1606.16,Yes
BB1675,CUST710,Male,40,Thane,Groceries,Bread,10,227.81,2278.1,Wallet,2024-12-16,15,1936.38,Yes
BB1676,CUST352,Male,32,Nagpur,Household,Toilet Cleaner,4,244.28,977.12,Wallet,2024-10-29,5,928.26,No
BB1677,CUST634,Female,63,Vadodara,Furniture,Plastic Stool,9,199.55,1795.95,UPI,2024-08-31,0,1795.95,Yes
BB1678,CUST779,Female,26,Ranchi,Kitchen,Peeler,1,436.28,436.28,Credit Card,2024-12-02,20,349.02,Yes
BB1679,CUST572,Male,41,Indore,Beauty,Face Wash,3,87.19,261.57,Cash,2025-05-25,10,235.41,Yes
BB1680,CUST580,Male,65,Visakhapatnam,Stationery,Scale,5,75.6,378.0,UPI,2024-12-07,20,302.4,Yes
BB1681,CUST475,Male,65,Thane,Sports,Gym Gloves,1,225.08,225.08,UPI,2024-12-11,20,180.06,Yes
BB1682,CUST284,Male,21,Patna,Kitchen,Tiffin Box,9,385.0,3465.0,Wallet,2025-03-17,0,3465.0,Yes
BB1683,CUST564,Female,45,Pune,Beauty,Shampoo,8,498.67,3989.36,UPI,2025-01-08,0,3989.36,Yes
BB1684,CUST863,Female,19,Nagpur,Kitchen,Rolling Pin,1,198.95,198.95,Wallet,2024-08-17,20,159.16,No
BB1685,CUST218,Male,48,Pune,Sports,Football,4,246.28,985.12,Credit Card,2025-05-30,15,837.35,Yes
BB1686,CUST776,Male,18,Ahmedabad,Furniture,Sofa Cover,7,486.26,3403.82,Credit Card,2024-12-10,20,2723.06,No
BB1687,CUST734,Male,25,Kolkata,Kitchen,Non-stick Pan,3,267.84,803.52,Credit Card,2025-04-15,0,803.52,No
BB1688,CUST363,Female,38,Chandigarh,Electronics,Fridge,6,488.37,2930.22,Wallet,2024-11-20,0,2930.22,No
BB1689,CUST880,Male,46,Ahmedabad,Kitchen,Cutting Board,9,145.76,1311.84,Wallet,2025-04-22,20,1049.47,Yes
BB1690,CUST900,Female,58,Delhi,Beauty,Face Wash,2,426.33,852.66,Credit Card,2024-11-20,15,724.76,Yes
BB1691,CUST612,Female,51,Surat,Stationery,Pencil,2,107.13,214.26,Cash,2024-09-19,5,203.55,No
BB1692,CUST239,Male,26,Chennai,Electronics,Washing Machine,7,190.92,1336.44,UPI,2024-09-10,10,1202.8,No
BB1693,CUST887,Male,32,Nagpur,Sports,Basketball,8,222.42,1779.36,Credit Card,2025-06-10,5,1690.39,No
BB1694,CUST792,Male,47,Pune,Furniture,Bookshelf,2,226.13,452.26,UPI,2025-01-31,5,429.65,No
BB1695,CUST912,Male,39,Bangalore,Sports,Dumbbells,10,389.2,3892.0,Cash,2024-07-19,10,3502.8,Yes
BB1696,CUST268,Female,38,Delhi,Beauty,Face Cream,9,192.83,1735.47,Credit Card,2024-11-20,10,1561.92,No
BB1697,CUST899,Female,60,Patna,Beauty,Lotion,6,248.27,1489.62,Cash,2024-09-24,5,1415.14,No
BB1698,CUST828,Female,31,Thane,Electronics,Microwave,5,160.87,804.35,Wallet,2024-07-31,15,683.7,Yes
BB1699,CUST303,Male,25,Ranchi,Stationery,Pencil,3,434.2,1302.6,Wallet,2024-09-07,10,1172.34,No
BB1700,CUST323,Male,41,Visakhapatnam,Sports,Gym Gloves,2,30.12,60.24,Credit Card,2024-07-21,15,51.2,Yes
BB1701,CUST839,Male,52,Kolkata,Apparel,Shorts,6,439.09,2634.54,Cash,2025-02-19,0,2634.54,No
BB1702,CUST758,Female,51,Thane,Furniture,Plastic Stool,6,211.94,1271.64,Credit Card,2024-09-02,0,1271.64,Yes
BB1703,CUST788,Male,48,Jaipur,Kitchen,Chopping Board,5,237.83,1189.15,Cash,2025-02-09,15,1010.78,Yes
BB1704,CUST819,Female,32,Pune,Kitchen,Cutting Board,3,161.42,484.26,Cash,2025-02-10,15,411.62,Yes
BB1705,CUST256,Male,53,Delhi,Stationery,Pen,10,166.25,1662.5,Cash,2025-03-16,20,1330.0,No
BB1706,CUST732,Male,41,Ahmedabad,Stationery,Marker,8,138.94,1111.52,Cash,2025-01-04,5,1055.94,No
BB1707,CUST500,Female,38,Pune,Furniture,Plastic Stool,8,312.52,2500.16,UPI,2024-10-13,20,2000.13,Yes
BB1708,CUST203,Male,54,Ahmedabad,Groceries,Flour,2,269.58,539.16,UPI,2025-05-18,10,485.24,No
BB1709,CUST962,Female,39,Hyderabad,Furniture,Wardrobe Organizer,8,235.48,1883.84,Credit Card,2024-11-07,10,1695.46,No
BB1710,CUST150,Female,21,Mumbai,Apparel,Shoes,1,198.16,198.16,Wallet,2024-12-15,20,158.53,No
BB1711,CUST594,Male,29,Delhi,Sports,Cricket Bat,2,176.43,352.86,Cash,2025-02-17,5,335.22,Yes
BB1712,CUST571,Male,36,Hyderabad,Electronics,Air Conditioner,7,213.5,1494.5,Cash,2025-01-05,5,1419.77,No
BB1713,CUST821,Male,23,Surat,Electronics,Bluetooth Speaker,5,153.5,767.5,Wallet,2025-06-16,0,767.5,Yes
BB1714,CUST850,Male,61,Ranchi,Groceries,Pickles,10,35.0,350.0,Cash,2025-06-15,0,350.0,No
BB1715,CUST222,Female,32,Bangalore,Kitchen,Mixer Grinder,4,31.41,125.64,Cash,2025-06-06,20,100.51,No
BB1716,CUST661,Male,18,Lucknow,Furniture,Wardrobe Organizer,7,488.38,3418.66,Cash,2025-06-07,5,3247.73,Yes
BB1717,CUST723,Male,34,Lucknow,Stationery,Eraser,1,115.25,115.25,Cash,2025-01-29,15,97.96,Yes
BB1718,CUST475,Male,53,Nagpur,Sports,Cricket Bat,5,304.58,1522.9,UPI,2024-12-27,10,1370.61,Yes
BB1719,CUST579,Male,49,Ranchi,Beauty,Face Wash,5,467.66,2338.3,Credit Card,2025-03-15,20,1870.64,No
BB1720,CUST674,Male,62,Ranchi,Household,Dustbin,9,412.62,3713.58,Wallet,2024-09-17,20,2970.86,Yes
BB1721,CUST665,Male,42,Chennai,Sports,Shuttlecock,4,260.7,1042.8,Wallet,2024-10-06,10,938.52,No
BB1722,CUST471,Male,65,Vadodara,Kitchen,Tiffin Box,9,114.64,1031.76,UPI,2024-07-17,0,1031.76,Yes
BB1723,CUST725,Female,53,Delhi,Sports,Water Bottle,2,211.73,423.46,Wallet,2024-08-29,0,423.46,Yes
BB1724,CUST347,Female,18,Thane,Stationery,Pen,7,412.89,2890.23,Credit Card,2024-07-02,0,2890.23,No
BB1725,CUST517,Male,51,Chandigarh,Beauty,Face Wash,9,301.62,2714.58,Credit Card,2025-02-25,5,2578.85,Yes
BB1726,CUST854,Female,57,Vadodara,Toys & Games,Building Blocks,7,81.96,573.72,Wallet,2024-08-21,20,458.98,Yes
BB1727,CUST224,Female,43,Nagpur,Stationery,Highlighter,5,405.33,2026.65,UPI,2025-04-14,0,2026.65,No
BB1728,CUST888,Female,42,Kolkata,Furniture,Chair,9,498.4,4485.6,Credit Card,2025-03-07,10,4037.04,Yes
BB1729,CUST442,Female,44,Surat,Kitchen,Chopping Board,1,194.87,194.87,Wallet,2025-06-21,15,165.64,No
BB1730,CUST343,Male,38,Indore,Electronics,Smartwatch,10,188.96,1889.6,Credit Card,2024-11-23,15,1606.16,Yes
BB1731,CUST560,Male,56,Visakhapatnam,Toys & Games,Soft Toy,4,114.79,459.16,Cash,2025-06-03,5,436.2,No
BB1732,CUST768,Female,21,Pune,Beauty,Sunscreen,3,260.03,780.09,UPI,2024-12-14,10,702.08,Yes
BB1733,CUST916,Male,46,Chennai,Kitchen,Tiffin Box,3,408.39,1225.17,Wallet,2024-11-02,5,1163.91,No
BB1734,CUST740,Male,42,Jaipur,Beauty,Face Wash,10,333.75,3337.5,Credit Card,2024-08-07,15,2836.88,Yes
BB1735,CUST496,Female,28,Mumbai,Furniture,Plastic Stool,9,354.78,3193.02,Wallet,2025-05-20,5,3033.37,Yes
BB1736,CUST205,Female,30,Surat,Kitchen,Cutting Board,3,163.01,489.03,Wallet,2025-04-17,20,391.22,Yes
BB1737,CUST322,Female,64,Ahmedabad,Household,Toilet Paper,10,33.14,331.4,Cash,2024-10-27,10,298.26,Yes
BB1738,CUST366,Female,63,Lucknow,Toys & Games,Board Game,9,223.86,2014.74,UPI,2024-12-14,15,1712.53,No
BB1739,CUST531,Female,61,Jaipur,Sports,Yoga Mat,2,463.8,927.6,Wallet,2024-10-28,0,927.6,No
BB1740,CUST994,Male,65,Delhi,Kitchen,Rolling Pin,5,313.82,1569.1,Cash,2024-07-11,15,1333.73,Yes
BB1741,CUST228,Male,64,Hyderabad,Toys & Games,Doll,4,164.56,658.24,Cash,2024-07-17,20,526.59,No
BB1742,CUST684,Male,40,Chandigarh,Kitchen,Utensils,6,429.53,2577.18,UPI,2024-11-12,0,2577.18,Yes
BB1743,CUST583,Male,42,Bangalore,Electronics,TV,10,327.08,3270.8,Cash,2024-09-15,5,3107.26,Yes
BB1744,CUST269,Male,53,Patna,Household,Toilet Cleaner,2,183.04,366.08,Cash,2025-01-08,10,329.47,No
BB1745,CUST636,Male,54,Bangalore,Sports,Dumbbells,8,432.39,3459.12,Cash,2024-09-07,10,3113.21,Yes
BB1746,CUST914,Male,51,Chennai,Electronics,Power Bank,10,256.38,2563.8,Credit Card,2024-09-12,0,2563.8,No
BB1747,CUST947,Female,41,Vadodara,Furniture,Mattress,9,38.98,350.82,Wallet,2025-03-04,20,280.66,Yes
BB1748,CUST577,Female,56,Bangalore,Toys & Games,Doll,2,442.11,884.22,Credit Card,2025-03-27,5,840.01,Yes
BB1749,CUST102,Female,65,Kolkata,Household,Mop,1,124.34,124.34,UPI,2024-10-23,10,111.91,No
BB1750,CUST116,Female,57,Bangalore,Groceries,Milk,3,51.24,153.72,Credit Card,2025-05-11,5,146.03,Yes
BB1751,CUST239,Female,59,Thane,Sports,Dumbbells,5,166.44,832.2,Credit Card,2024-10-02,10,748.98,No
BB1752,CUST972,Female,62,Ranchi,Electronics,Smartwatch,3,391.73,1175.19,Credit Card,2024-11-03,5,1116.43,Yes
BB1753,CUST772,Female,28,Ranchi,Household,Doormat,4,232.12,928.48,Wallet,2025-03-18,0,928.48,No
BB1754,CUST162,Male,18,Nagpur,Beauty,Hair Oil,10,96.36,963.6,Cash,2024-07-17,5,915.42,No
BB1755,CUST244,Female,57,Bhopal,Toys & Games,Action Figure,3,373.42,1120.26,UPI,2025-06-07,0,1120.26,No
BB1756,CUST606,Male,19,Ahmedabad,Apparel,Leggings,7,323.76,2266.32,Credit Card,2024-07-27,0,2266.32,Yes
BB1757,CUST458,Female,30,Ahmedabad,Groceries,Butter,7,56.89,398.23,UPI,2024-12-16,15,338.5,Yes
BB1758,CUST328,Female,28,Chandigarh,Stationery,Files,4,408.66,1634.64,Cash,2025-03-23,20,1307.71,No
BB1759,CUST417,Male,56,Jaipur,Groceries,Spices,8,81.99,655.92,UPI,2024-07-18,5,623.12,No
BB1760,CUST164,Female,21,Vadodara,Household,Bucket,6,477.68,2866.08,Cash,2025-04-23,20,2292.86,Yes
BB1761,CUST252,Male,64,Pune,Apparel,Shorts,7,230.74,1615.18,Wallet,2025-06-24,0,1615.18,No
BB1762,CUST964,Female,36,Ranchi,Electronics,Smartwatch,1,21.59,21.59,Wallet,2024-12-16,10,19.43,No
BB1763,CUST517,Male,61,Ranchi,Stationery,Marker,2,164.65,329.3,Credit Card,2024-08-13,10,296.37,No
BB1764,CUST472,Male,43,Hyderabad,Toys & Games,Toy Gun,9,359.87,3238.83,UPI,2024-07-30,10,2914.95,No
BB1765,CUST359,Female,21,Ranchi,Beauty,Lotion,4,133.66,534.64,Wallet,2024-08-06,5,507.91,No
BB1766,CUST511,Female,47,Surat,Apparel,Jacket,2,396.84,793.68,Cash,2025-04-07,5,754.0,Yes
BB1767,CUST988,Male,57,Vadodara,Apparel,Cap,3,226.23,678.69,Credit Card,2024-11-29,15,576.89,No
BB1768,CUST394,Female,35,Visakhapatnam,Apparel,Cap,10,441.23,4412.3,Wallet,2025-06-02,10,3971.07,Yes
BB1769,CUST831,Male,27,Thane,Sports,Football,1,197.66,197.66,Wallet,2024-12-09,5,187.78,Yes
BB1770,CUST760,Male,58,Surat,Stationery,Pencil,1,361.91,361.91,Credit Card,2024-07-29,10,325.72,Yes
BB1771,CUST996,Female,53,Visakhapatnam,Furniture,Foldable Table,2,94.8,189.6,UPI,2024-12-04,5,180.12,No
BB1772,CUST277,Male,27,Lucknow,Kitchen,Peeler,9,409.44,3684.96,UPI,2025-04-03,20,2947.97,No
BB1773,CUST844,Male,35,Pune,Groceries,Tea,3,224.03,672.09,UPI,2025-04-30,20,537.67,Yes
BB1774,CUST514,Female,19,Mumbai,Electronics,Tablet,9,203.12,1828.08,Credit Card,2024-07-15,0,1828.08,Yes
BB1775,CUST284,Female,50,Ranchi,Beauty,Conditioner,2,320.26,640.52,Cash,2024-09-05,15,544.44,No
BB1776,CUST949,Female,63,Chennai,Apparel,Jeans,10,333.56,3335.6,Cash,2024-12-27,20,2668.48,Yes
BB1777,CUST260,Female,43,Delhi,Beauty,Perfume,3,197.39,592.17,Credit Card,2024-08-16,5,562.56,Yes
BB1778,CUST839,Female,35,Chandigarh,Furniture,Bean Bag,10,442.39,4423.9,Credit Card,2025-05-15,20,3539.12,No
BB1779,CUST560,Male,55,Hyderabad,Toys & Games,Toy Gun,7,235.21,1646.47,Cash,2025-06-08,15,1399.5,Yes
BB1780,CUST655,Female,28,Bhopal,Furniture,Foldable Table,7,439.39,3075.73,Credit Card,2024-10-25,20,2460.58,Yes
BB1781,CUST211,Female,25,Mumbai,Toys & Games,Puzzle,1,134.58,134.58,UPI,2024-12-07,20,107.66,No
BB1782,CUST154,Female,48,Thane,Household,Mop,1,33.05,33.05,Credit Card,2025-01-20,0,33.05,No
BB1783,CUST540,Male,58,Jaipur,Household,Dishwash,7,144.94,1014.58,Credit Card,2024-10-13,5,963.85,Yes
BB1784,CUST743,Male,33,Bhopal,Stationery,Pen,9,439.62,3956.58,Wallet,2025-01-15,20,3165.26,No
BB1785,CUST527,Male,44,Bhopal,Groceries,Bread,4,363.52,1454.08,UPI,2024-09-12,10,1308.67,Yes
BB1786,CUST502,Female,62,Pune,Sports,Yoga Mat,8,284.91,2279.28,Wallet,2024-10-17,15,1937.39,Yes
BB1787,CUST135,Male,54,Bhopal,Groceries,Sugar,6,432.44,2594.64,Credit Card,2024-12-09,5,2464.91,Yes
BB1788,CUST783,Male,63,Indore,Furniture,Chair,4,430.09,1720.36,UPI,2025-02-07,10,1548.32,No
BB1789,CUST973,Male,36,Bangalore,Furniture,Wardrobe Organizer,9,436.86,3931.74,Wallet,2025-01-13,5,3735.15,Yes
BB1790,CUST752,Female,58,Chennai,Electronics,TV,10,432.16,4321.6,Cash,2024-10-04,5,4105.52,No
BB1791,CUST548,Male,20,Bangalore,Electronics,Washing Machine,2,58.97,117.94,Cash,2024-09-23,15,100.25,Yes
BB1792,CUST838,Male,44,Mumbai,Kitchen,Gas Lighter,1,489.09,489.09,Cash,2024-08-13,0,489.09,Yes
BB1793,CUST871,Female,45,Thane,Electronics,Power Bank,9,386.8,3481.2,Wallet,2025-04-13,10,3133.08,No
BB1794,CUST357,Female,43,Lucknow,Sports,Gym Gloves,3,476.68,1430.04,UPI,2024-08-06,20,1144.03,No
BB1795,CUST865,Male,29,Ahmedabad,Electronics,Microwave,9,411.87,3706.83,Credit Card,2025-03-26,5,3521.49,No
BB1796,CUST570,Female,65,Bhopal,Stationery,Whiteboard Marker,8,441.2,3529.6,UPI,2024-09-30,15,3000.16,Yes
BB1797,CUST113,Female,48,Chennai,Toys & Games,Puzzle,7,426.69,2986.83,Credit Card,2024-10-13,10,2688.15,Yes
BB1798,CUST753,Male,49,Ranchi,Kitchen,Chopping Board,5,400.85,2004.25,Wallet,2025-03-27,5,1904.04,No
BB1799,CUST193,Male,19,Bangalore,Kitchen,Mixer Grinder,7,257.46,1802.22,Wallet,2025-02-27,0,1802.22,Yes
BB1800,CUST714,Female,38,Pune,Household,Dishwash,8,204.15,1633.2,UPI,2025-03-29,10,1469.88,No
BB1801,CUST174,Male,21,Visakhapatnam,Toys & Games,Rubik Cube,7,119.2,834.4,Wallet,2025-01-05,20,667.52,No
BB1802,CUST443,Female,21,Visakhapatnam,Electronics,Air Conditioner,10,240.46,2404.6,UPI,2025-05-11,10,2164.14,No
BB1803,CUST942,Male,26,Patna,Groceries,Jaggery,7,254.59,1782.13,Cash,2024-08-14,20,1425.7,Yes
BB1804,CUST140,Male,51,Kolkata,Furniture,Chair,6,225.6,1353.6,UPI,2025-02-22,20,1082.88,Yes
BB1805,CUST762,Female,31,Vadodara,Apparel,Saree,8,99.38,795.04,Cash,2024-08-13,15,675.78,No
BB1806,CUST148,Male,46,Chennai,Groceries,Honey,3,48.58,145.74,Cash,2025-03-27,0,145.74,No
BB1807,CUST966,Male,58,Pune,Toys & Games,Puzzle,4,363.95,1455.8,Credit Card,2024-11-09,0,1455.8,Yes
BB1808,CUST271,Female,35,Pune,Furniture,Shoe Rack,6,400.31,2401.86,Wallet,2025-03-05,20,1921.49,Yes
BB1809,CUST452,Female,19,Chennai,Furniture,Plastic Stool,9,265.21,2386.89,UPI,2025-03-15,5,2267.55,Yes
BB1810,CUST785,Female,38,Hyderabad,Kitchen,Tiffin Box,5,473.54,2367.7,Credit Card,2025-02-27,10,2130.93,Yes
BB1811,CUST742,Female,21,Nagpur,Groceries,Wheat,8,470.61,3764.88,Wallet,2024-09-20,20,3011.9,Yes
BB1812,CUST294,Female,18,Lucknow,Toys & Games,Coloring Kit,8,260.03,2080.24,Wallet,2025-05-01,20,1664.19,Yes
BB1813,CUST433,Female,22,Nagpur,Household,Mop,6,459.66,2757.96,UPI,2024-09-26,15,2344.27,Yes
BB1814,CUST584,Female,53,Vadodara,Electronics,TV,4,186.14,744.56,Credit Card,2025-01-06,5,707.33,Yes
BB1815,CUST837,Male,40,Pune,Stationery,Marker,7,185.41,1297.87,Cash,2025-03-04,15,1103.19,Yes
BB1816,CUST868,Male,21,Pune,Furniture,Sofa Cover,5,488.92,2444.6,Wallet,2024-09-24,0,2444.6,Yes
BB1817,CUST720,Female,31,Patna,Apparel,Shoes,3,163.99,491.97,Cash,2025-02-16,20,393.58,Yes
BB1818,CUST863,Male,20,Bhopal,Stationery,Notebook,1,202.2,202.2,Cash,2024-10-13,0,202.2,No
BB1819,CUST481,Female,52,Delhi,Groceries,Wheat,10,340.09,3400.9,Cash,2024-09-01,5,3230.86,No
BB1820,CUST921,Female,32,Jaipur,Furniture,Sofa Cover,9,391.08,3519.72,Wallet,2025-04-23,10,3167.75,No
BB1821,CUST840,Female,56,Chandigarh,Beauty,Lotion,7,134.51,941.57,Cash,2025-01-19,20,753.26,No
BB1822,CUST524,Male,52,Patna,Electronics,Charger,4,221.78,887.12,UPI,2024-10-29,10,798.41,No
BB1823,CUST622,Male,32,Hyderabad,Beauty,Kajal,5,240.28,1201.4,Credit Card,2025-01-31,20,961.12,No
BB1824,CUST349,Male,19,Chandigarh,Furniture,Bean Bag,7,48.03,336.21,UPI,2024-07-10,0,336.21,No
BB1825,CUST833,Female,65,Bhopal,Kitchen,Cutting Board,9,227.5,2047.5,Wallet,2024-08-17,5,1945.12,Yes
BB1826,CUST622,Male,59,Surat,Beauty,Conditioner,2,499.74,999.48,Cash,2024-11-22,0,999.48,Yes
BB1827,CUST218,Male,58,Patna,Sports,Dumbbells,1,377.06,377.06,UPI,2025-06-23,5,358.21,Yes
BB1828,CUST479,Male,47,Delhi,Stationery,Pencil,2,119.36,238.72,Cash,2025-01-03,10,214.85,Yes
BB1829,CUST186,Male,18,Indore,Stationery,Scale,6,344.36,2066.16,UPI,2024-07-28,15,1756.24,Yes
BB1830,CUST373,Female,45,Bhopal,Apparel,Socks,5,255.44,1277.2,UPI,2025-04-07,0,1277.2,Yes
BB1831,CUST647,Female,51,Surat,Beauty,Hair Oil,8,466.18,3729.44,UPI,2025-04-13,0,3729.44,No
BB1832,CUST152,Female,49,Chennai,Kitchen,Gas Lighter,9,68.45,616.05,Cash,2025-04-10,20,492.84,Yes
BB1833,CUST671,Female,35,Delhi,Sports,Cricket Bat,6,394.52,2367.12,Credit Card,2025-01-25,15,2012.05,Yes
BB1834,CUST355,Female,30,Chennai,Stationery,Scissors,10,175.74,1757.4,Credit Card,2025-03-12,10,1581.66,Yes
BB1835,CUST640,Male,47,Patna,Toys & Games,Building Blocks,5,317.84,1589.2,Credit Card,2024-09-17,10,1430.28,Yes
BB1836,CUST790,Male,57,Mumbai,Groceries,Eggs,8,298.56,2388.48,Wallet,2025-03-26,10,2149.63,Yes
BB1837,CUST719,Male,37,Pune,Electronics,Bluetooth Speaker,3,61.67,185.01,Cash,2025-04-25,0,185.01,No
BB1838,CUST580,Male,30,Indore,Groceries,Spices,10,333.89,3338.9,Credit Card,2025-04-05,5,3171.95,Yes
BB1839,CUST256,Male,20,Ahmedabad,Furniture,Bean Bag,3,24.28,72.84,Credit Card,2024-11-07,5,69.2,Yes
BB1840,CUST743,Female,62,Patna,Beauty,Hair Oil,9,250.37,2253.33,Wallet,2025-02-02,0,2253.33,No
BB1841,CUST328,Female,33,Bhopal,Groceries,Jaggery,2,46.77,93.54,Wallet,2025-02-16,20,74.83,No
BB1842,CUST419,Female,48,Surat,Stationery,Scissors,8,345.92,2767.36,UPI,2025-05-26,10,2490.62,Yes
BB1843,CUST596,Male,40,Thane,Furniture,Bean Bag,10,203.48,2034.8,Wallet,2024-08-09,20,1627.84,Yes
BB1844,CUST116,Male,31,Ahmedabad,Stationery,Pen,5,389.47,1947.35,Wallet,2025-05-02,10,1752.62,Yes
BB1845,CUST244,Female,42,Delhi,Kitchen,Chopping Board,7,210.21,1471.47,Credit Card,2025-01-09,10,1324.32,No
BB1846,CUST620,Female,27,Mumbai,Electronics,Tablet,3,86.86,260.58,Credit Card,2024-11-09,5,247.55,Yes
BB1847,CUST712,Male,59,Delhi,Household,Toilet Paper,8,393.47,3147.76,Credit Card,2024-12-14,15,2675.6,Yes
BB1848,CUST392,Male,43,Pune,Stationery,Scissors,7,246.45,1725.15,Cash,2024-07-05,0,1725.15,Yes
BB1849,CUST776,Male,60,Ahmedabad,Household,Toilet Paper,4,258.93,1035.72,Credit Card,2024-09-19,5,983.93,No
BB1850,CUST142,Male,53,Bangalore,Sports,Shuttlecock,6,295.55,1773.3,Credit Card,2025-02-24,10,1595.97,No
BB1851,CUST214,Male,35,Nagpur,Kitchen,Non-stick Pan,6,209.74,1258.44,Credit Card,2025-02-27,15,1069.67,No
BB1852,CUST163,Male,35,Thane,Beauty,Sunscreen,3,437.7,1313.1,Cash,2024-12-29,5,1247.44,No
BB1853,CUST203,Male,40,Indore,Household,Cleaning Gloves,10,219.37,2193.7,Wallet,2025-06-14,15,1864.64,No
BB1854,CUST796,Female,26,Visakhapatnam,Furniture,Mattress,8,407.78,3262.24,UPI,2024-12-24,10,2936.02,No
BB1855,CUST185,Male,36,Vadodara,Stationery,Scale,1,352.56,352.56,Credit Card,2024-10-23,5,334.93,No
BB1856,CUST238,Male,46,Lucknow,Household,Dustbin,2,472.55,945.1,Credit Card,2025-05-07,5,897.85,No
BB1857,CUST510,Female,27,Jaipur,Apparel,Shorts,3,483.69,1451.07,UPI,2024-10-03,10,1305.96,Yes
BB1858,CUST492,Female,29,Chandigarh,Furniture,Chair,5,45.27,226.35,Cash,2025-02-07,5,215.03,No
BB1859,CUST702,Female,61,Pune,Stationery,Eraser,9,99.7,897.3,UPI,2025-03-15,0,897.3,No
BB1860,CUST151,Female,33,Bangalore,Stationery,Whiteboard Marker,10,402.85,4028.5,Wallet,2025-04-27,15,3424.22,No
BB1861,CUST185,Male,19,Ahmedabad,Beauty,Kajal,7,334.12,2338.84,Credit Card,2025-04-14,5,2221.9,Yes
BB1862,CUST927,Male,51,Pune,Household,Room Freshener,8,279.34,2234.72,Wallet,2024-11-18,15,1899.51,No
BB1863,CUST865,Male,42,Delhi,Beauty,Shampoo,7,325.12,2275.84,Wallet,2024-07-22,15,1934.46,Yes
BB1864,CUST304,Male,23,Ahmedabad,Stationery,Glue Stick,5,430.09,2150.45,Credit Card,2024-07-15,20,1720.36,Yes
BB1865,CUST631,Male,22,Kolkata,Electronics,Smartwatch,6,80.86,485.16,UPI,2025-03-23,5,460.9,No
BB1866,CUST929,Male,35,Surat,Furniture,Sofa Cover,3,170.76,512.28,UPI,2025-06-17,5,486.67,Yes
BB1867,CUST266,Female,34,Vadodara,Groceries,Paneer,9,269.86,2428.74,Cash,2024-11-03,15,2064.43,Yes
BB1868,CUST773,Male,22,Nagpur,Beauty,Shampoo,10,258.98,2589.8,Wallet,2024-12-09,20,2071.84,Yes
BB1869,CUST882,Female,56,Chennai,Apparel,T-Shirt,6,459.33,2755.98,Credit Card,2025-03-23,0,2755.98,Yes
BB1870,CUST651,Male,42,Surat,Sports,Cricket Bat,7,419.76,2938.32,Credit Card,2025-02-26,5,2791.4,No
BB1871,CUST294,Female,48,Ranchi,Apparel,Shirt,10,358.37,3583.7,UPI,2024-10-04,10,3225.33,Yes
BB1872,CUST502,Female,30,Lucknow,Furniture,Sofa Cover,10,118.04,1180.4,UPI,2025-03-03,20,944.32,Yes
BB1873,CUST171,Female,38,Chennai,Furniture,Plastic Stool,5,39.14,195.7,UPI,2024-10-20,0,195.7,Yes
BB1874,CUST902,Male,44,Chandigarh,Groceries,Wheat,10,136.37,1363.7,Credit Card,2024-11-08,10,1227.33,No
BB1875,CUST747,Male,37,Surat,Toys & Games,Coloring Kit,5,456.44,2282.2,Credit Card,2025-01-14,15,1939.87,Yes
BB1876,CUST813,Male,50,Mumbai,Household,Bucket,10,80.12,801.2,Cash,2025-03-26,15,681.02,No
BB1877,CUST326,Male,25,Ranchi,Beauty,Lotion,1,27.07,27.07,Credit Card,2024-08-25,0,27.07,No
BB1878,CUST641,Female,25,Pune,Kitchen,Tiffin Box,7,387.5,2712.5,Wallet,2024-07-09,5,2576.88,No
BB1879,CUST615,Male,32,Indore,Beauty,Face Cream,10,476.56,4765.6,Cash,2025-02-15,0,4765.6,No
BB1880,CUST761,Male,22,Mumbai,Beauty,Kajal,5,136.3,681.5,UPI,2024-07-09,5,647.42,Yes
BB1881,CUST376,Female,48,Visakhapatnam,Kitchen,Tiffin Box,7,134.25,939.75,Credit Card,2024-07-17,10,845.77,No
BB1882,CUST370,Female,56,Bangalore,Furniture,Table,8,71.33,570.64,Credit Card,2024-09-21,15,485.04,Yes
BB1883,CUST682,Male,36,Chandigarh,Kitchen,Mixer Grinder,5,261.38,1306.9,Cash,2025-02-25,20,1045.52,Yes
BB1884,CUST751,Female,39,Vadodara,Stationery,Scale,9,244.22,2197.98,UPI,2024-07-25,0,2197.98,No
BB1885,CUST595,Female,22,Jaipur,Electronics,Charger,2,422.69,845.38,Wallet,2024-07-23,0,845.38,No
BB1886,CUST191,Male,38,Ranchi,Stationery,Pencil,9,327.53,2947.77,UPI,2025-06-21,0,2947.77,No
BB1887,CUST173,Male,43,Visakhapatnam,Beauty,Body Wash,1,420.62,420.62,Credit Card,2024-12-02,5,399.59,Yes
BB1888,CUST496,Female,36,Pune,Stationery,Files,2,127.19,254.38,Wallet,2025-05-23,0,254.38,Yes
BB1889,CUST623,Female,57,Bhopal,Electronics,Fridge,6,352.51,2115.06,Wallet,2024-09-18,5,2009.31,Yes
BB1890,CUST914,Female,32,Thane,Groceries,Dal,1,426.01,426.01,Credit Card,2024-12-07,10,383.41,No
BB1891,CUST792,Male,18,Pune,Electronics,Mobile,6,299.27,1795.62,Wallet,2024-11-09,10,1616.06,Yes
BB1892,CUST126,Male,43,Mumbai,Toys & Games,Toy Gun,10,300.47,3004.7,Credit Card,2024-09-03,5,2854.46,Yes
BB1893,CUST285,Female,36,Hyderabad,Household,Doormat,3,420.45,1261.35,UPI,2024-10-29,0,1261.35,No
BB1894,CUST200,Female,38,Thane,Furniture,Shoe Rack,1,332.24,332.24,Credit Card,2025-06-27,0,332.24,Yes
BB1895,CUST636,Male,62,Nagpur,Groceries,Milk,1,419.08,419.08,Credit Card,2025-03-31,0,419.08,Yes
BB1896,CUST181,Female,21,Patna,Toys & Games,Coloring Kit,1,427.55,427.55,UPI,2024-11-18,10,384.8,Yes
BB1897,CUST773,Male,55,Indore,Electronics,Smartwatch,7,104.67,732.69,Credit Card,2024-11-27,15,622.79,Yes
BB1898,CUST156,Male,61,Patna,Stationery,Glue Stick,4,140.64,562.56,Wallet,2024-10-05,10,506.3,Yes
BB1899,CUST872,Female,52,Thane,Furniture,Plastic Stool,6,180.39,1082.34,Credit Card,2025-01-11,15,919.99,Yes
BB1900,CUST876,Female,51,Nagpur,Toys & Games,Rubik Cube,9,185.32,1667.88,Credit Card,2025-03-27,15,1417.7,Yes
BB1901,CUST246,Male,37,Bhopal,Toys & Games,Soft Toy,3,441.66,1324.98,Cash,2025-03-09,20,1059.98,Yes
BB1902,CUST865,Female,44,Thane,Sports,Shuttlecock,5,291.98,1459.9,Cash,2024-12-17,10,1313.91,No
BB1903,CUST537,Female,51,Hyderabad,Kitchen,Peeler,7,283.88,1987.16,Cash,2024-07-16,15,1689.09,Yes
BB1904,CUST795,Female,54,Visakhapatnam,Furniture,Shoe Rack,5,394.32,1971.6,UPI,2025-06-03,5,1873.02,Yes
BB1905,CUST118,Male,33,Hyderabad,Beauty,Face Cream,5,209.8,1049.0,Cash,2024-11-27,5,996.55,No
BB1906,CUST852,Male,27,Ranchi,Household,Cleaning Gloves,3,158.98,476.94,Credit Card,2024-11-20,20,381.55,Yes
BB1907,CUST678,Male,64,Hyderabad,Toys & Games,Building Blocks,7,214.85,1503.95,Credit Card,2024-07-02,0,1503.95,Yes
BB1908,CUST371,Female,59,Mumbai,Sports,Football,1,28.62,28.62,UPI,2024-08-20,10,25.76,No
BB1909,CUST523,Female,36,Chennai,Beauty,Lotion,6,128.26,769.56,Cash,2025-05-15,5,731.08,Yes
BB1910,CUST995,Male,48,Vadodara,Apparel,Socks,2,456.63,913.26,Cash,2025-01-05,15,776.27,Yes
BB1911,CUST549,Male,35,Chennai,Furniture,Shoe Rack,7,153.34,1073.38,Cash,2025-03-26,15,912.37,No
BB1912,CUST687,Female,32,Chandigarh,Beauty,Perfume,1,168.52,168.52,Credit Card,2024-08-24,5,160.09,No
BB1913,CUST415,Male,60,Chennai,Kitchen,Mixer Grinder,6,349.05,2094.3,Credit Card,2024-10-29,0,2094.3,No
BB1914,CUST816,Female,18,Bhopal,Kitchen,Rolling Pin,1,364.03,364.03,Credit Card,2025-05-04,0,364.03,No
BB1915,CUST212,Male,38,Visakhapatnam,Groceries,Oil,5,59.33,296.65,Cash,2025-04-27,5,281.82,No
BB1916,CUST383,Female,50,Jaipur,Toys & Games,Puzzle,8,208.66,1669.28,Credit Card,2024-09-29,0,1669.28,No
BB1917,CUST309,Male,38,Chennai,Furniture,Bean Bag,10,277.6,2776.0,UPI,2024-07-09,0,2776.0,No
BB1918,CUST154,Female,35,Kolkata,Stationery,Pen,8,81.53,652.24,Wallet,2025-04-22,0,652.24,No
BB1919,CUST412,Female,36,Jaipur,Furniture,Bean Bag,3,326.97,980.91,Cash,2024-08-31,0,980.91,Yes
BB1920,CUST928,Male,40,Bhopal,Toys & Games,Building Blocks,7,181.73,1272.11,Wallet,2025-04-15,5,1208.5,Yes
BB1921,CUST289,Female,38,Chandigarh,Groceries,Flour,4,57.79,231.16,Wallet,2025-03-08,15,196.49,Yes
BB1922,CUST388,Female,57,Visakhapatnam,Furniture,Shoe Rack,6,426.18,2557.08,UPI,2024-08-31,20,2045.66,Yes
BB1923,CUST312,Female,63,Lucknow,Furniture,Sofa Cover,9,213.99,1925.91,UPI,2024-07-29,0,1925.91,Yes
BB1924,CUST982,Male,63,Nagpur,Beauty,Perfume,2,304.56,609.12,UPI,2025-06-05,5,578.66,No
BB1925,CUST276,Male,24,Patna,Toys & Games,Remote Car,1,261.69,261.69,Cash,2025-02-04,20,209.35,No
BB1926,CUST358,Female,56,Ahmedabad,Sports,Basketball,2,140.2,280.4,UPI,2025-02-13,10,252.36,Yes
BB1927,CUST183,Male,46,Bhopal,Electronics,TV,1,200.91,200.91,Credit Card,2024-12-15,5,190.86,No
BB1928,CUST676,Female,55,Jaipur,Sports,Football,3,93.23,279.69,Cash,2024-08-24,15,237.74,Yes
BB1929,CUST151,Male,32,Thane,Sports,Dumbbells,9,284.27,2558.43,Cash,2025-02-06,15,2174.67,No
BB1930,CUST336,Female,22,Mumbai,Furniture,Chair,4,87.9,351.6,UPI,2024-10-01,10,316.44,No
BB1931,CUST978,Male,54,Visakhapatnam,Stationery,Glue Stick,1,51.08,51.08,Cash,2025-04-21,10,45.97,No
BB1932,CUST880,Female,38,Patna,Toys & Games,Puzzle,4,24.24,96.96,UPI,2025-03-26,0,96.96,No
BB1933,CUST119,Female,35,Delhi,Toys & Games,Rubik Cube,9,80.44,723.96,UPI,2024-07-10,5,687.76,No
BB1934,CUST639,Female,63,Indore,Electronics,Bluetooth Speaker,6,142.2,853.2,UPI,2025-06-07,0,853.2,No
BB1935,CUST824,Female,60,Jaipur,Sports,Football,2,173.76,347.52,UPI,2024-07-14,20,278.02,Yes
BB1936,CUST666,Male,28,Lucknow,Sports,Skipping Rope,8,343.12,2744.96,UPI,2024-08-02,10,2470.46,No
BB1937,CUST785,Female,42,Bangalore,Sports,Dumbbells,10,202.79,2027.9,Credit Card,2024-10-16,0,2027.9,Yes
BB1938,CUST243,Male,59,Vadodara,Household,Room Freshener,4,196.91,787.64,Credit Card,2024-08-25,15,669.49,Yes
BB1939,CUST927,Female,35,Mumbai,Apparel,Leggings,3,116.22,348.66,UPI,2024-09-25,20,278.93,No
BB1940,CUST507,Male,22,Jaipur,Toys & Games,Puzzle,9,320.68,2886.12,Credit Card,2024-11-08,5,2741.81,Yes
BB1941,CUST762,Male,35,Lucknow,Stationery,Highlighter,8,160.81,1286.48,Cash,2025-03-27,10,1157.83,No
BB1942,CUST732,Female,45,Jaipur,Apparel,Saree,6,437.63,2625.78,Wallet,2024-11-26,5,2494.49,Yes
BB1943,CUST948,Female,38,Vadodara,Electronics,Fridge,1,228.33,228.33,Cash,2024-10-07,15,194.08,Yes
BB1944,CUST731,Female,28,Lucknow,Kitchen,Cutting Board,10,202.59,2025.9,UPI,2024-12-28,0,2025.9,Yes
BB1945,CUST327,Male,59,Chennai,Electronics,Microwave,3,386.68,1160.04,UPI,2024-11-21,10,1044.04,No
BB1946,CUST239,Male,59,Hyderabad,Groceries,Jaggery,9,383.6,3452.4,UPI,2024-10-22,0,3452.4,Yes
BB1947,CUST880,Male,25,Ranchi,Furniture,Mattress,5,489.14,2445.7,Wallet,2025-05-26,5,2323.41,Yes
BB1948,CUST713,Female,51,Mumbai,Household,Cleaning Gloves,3,228.79,686.37,Credit Card,2025-01-18,15,583.41,Yes
BB1949,CUST107,Female,57,Hyderabad,Beauty,Face Wash,5,377.53,1887.65,Credit Card,2025-06-23,5,1793.27,Yes
BB1950,CUST979,Female,19,Chennai,Furniture,Chair,2,393.43,786.86,Cash,2025-04-09,5,747.52,Yes
BB1951,CUST526,Female,30,Pune,Toys & Games,Coloring Kit,3,425.58,1276.74,Credit Card,2025-01-25,5,1212.9,Yes
BB1952,CUST815,Male,37,Delhi,Stationery,Files,8,473.34,3786.72,Wallet,2024-10-05,15,3218.71,Yes
BB1953,CUST961,Male,41,Surat,Sports,Water Bottle,4,332.51,1330.04,Cash,2025-03-09,0,1330.04,Yes
BB1954,CUST400,Female,45,Chandigarh,Electronics,Bluetooth Speaker,2,47.23,94.46,Cash,2024-12-14,15,80.29,Yes
BB1955,CUST121,Male,46,Nagpur,Stationery,Scale,4,332.48,1329.92,Credit Card,2025-03-22,10,1196.93,Yes
BB1956,CUST281,Male,30,Hyderabad,Sports,Basketball,7,477.73,3344.11,Credit Card,2024-11-25,0,3344.11,Yes
BB1957,CUST968,Female,54,Kolkata,Apparel,Socks,2,117.79,235.58,UPI,2024-12-29,0,235.58,No
BB1958,CUST954,Female,35,Delhi,Apparel,Kurta,8,468.84,3750.72,Credit Card,2024-07-08,0,3750.72,Yes
BB1959,CUST787,Female,30,Hyderabad,Apparel,Dupatta,1,74.58,74.58,Credit Card,2025-03-28,5,70.85,No
BB1960,CUST354,Female,62,Thane,Electronics,Smartwatch,4,397.51,1590.04,Cash,2024-07-13,0,1590.04,No
BB1961,CUST832,Female,44,Ahmedabad,Sports,Gym Gloves,6,23.99,143.94,UPI,2025-03-07,10,129.55,No
BB1962,CUST878,Male,49,Lucknow,Furniture,Plastic Stool,5,128.22,641.1,Credit Card,2025-01-30,20,512.88,Yes
BB1963,CUST991,Male,54,Thane,Apparel,Socks,3,176.39,529.17,Cash,2025-04-10,5,502.71,No
BB1964,CUST148,Male,24,Bangalore,Toys & Games,Soft Toy,10,205.68,2056.8,Cash,2024-10-15,20,1645.44,Yes
BB1965,CUST633,Male,63,Surat,Beauty,Body Wash,4,487.27,1949.08,Credit Card,2025-03-09,0,1949.08,No
BB1966,CUST826,Male,25,Thane,Sports,Tennis Racket,1,252.61,252.61,Wallet,2024-09-14,10,227.35,Yes
BB1967,CUST508,Female,26,Bangalore,Electronics,Air Conditioner,2,78.42,156.84,Wallet,2025-01-10,10,141.16,No
BB1968,CUST170,Female,43,Jaipur,Furniture,Bean Bag,9,283.66,2552.94,Cash,2024-11-02,20,2042.35,No
BB1969,CUST538,Male,41,Lucknow,Stationery,Notebook,2,190.24,380.48,Wallet,2025-06-24,5,361.46,Yes
BB1970,CUST117,Male,29,Chennai,Electronics,Charger,1,234.08,234.08,Cash,2025-06-21,5,222.38,Yes
BB1971,CUST975,Female,49,Indore,Sports,Skipping Rope,2,166.59,333.18,UPI,2024-09-15,20,266.54,Yes
BB1972,CUST243,Male,55,Mumbai,Toys & Games,Soft Toy,2,44.84,89.68,Credit Card,2025-01-24,10,80.71,No
BB1973,CUST826,Female,28,Kolkata,Electronics,Charger,9,65.2,586.8,Cash,2024-10-29,5,557.46,Yes
BB1974,CUST520,Female,45,Patna,Electronics,Air Conditioner,1,421.94,421.94,Credit Card,2025-06-20,0,421.94,No
BB1975,CUST741,Male,25,Pune,Furniture,Plastic Stool,3,459.84,1379.52,Credit Card,2025-06-04,10,1241.57,No
BB1976,CUST598,Female,64,Chandigarh,Toys & Games,Board Game,10,464.44,4644.4,UPI,2025-01-31,5,4412.18,No
BB1977,CUST929,Female,46,Nagpur,Kitchen,Peeler,9,210.37,1893.33,Cash,2025-03-21,20,1514.66,No
BB1978,CUST448,Male,37,Surat,Electronics,Power Bank,5,60.04,300.2,Wallet,2025-03-07,10,270.18,No
BB1979,CUST743,Male,47,Ranchi,Electronics,TV,9,101.15,910.35,Wallet,2024-11-07,10,819.32,Yes
BB1980,CUST459,Female,26,Surat,Household,Mop,1,243.64,243.64,Cash,2025-06-01,0,243.64,No
BB1981,CUST171,Male,61,Vadodara,Household,Mop,2,132.48,264.96,Wallet,2025-05-26,20,211.97,No
BB1982,CUST360,Female,64,Indore,Sports,Football,7,460.24,3221.68,Wallet,2024-10-30,20,2577.34,No
BB1983,CUST402,Male,45,Thane,Toys & Games,Board Game,5,404.71,2023.55,UPI,2025-03-31,15,1720.02,No
BB1984,CUST129,Female,27,Vadodara,Beauty,Sunscreen,4,186.85,747.4,UPI,2024-07-04,15,635.29,Yes
BB1985,CUST286,Female,34,Mumbai,Sports,Shuttlecock,3,135.3,405.9,Wallet,2025-04-25,5,385.6,No
BB1986,CUST306,Female,50,Surat,Sports,Skipping Rope,7,366.38,2564.66,UPI,2025-01-23,15,2179.96,Yes
BB1987,CUST813,Male,39,Mumbai,Groceries,Paneer,7,258.03,1806.21,Wallet,2025-06-14,5,1715.9,No
BB1988,CUST153,Male,31,Patna,Sports,Skipping Rope,3,402.25,1206.75,UPI,2024-11-10,0,1206.75,No
BB1989,CUST462,Male,43,Chennai,Electronics,Washing Machine,8,373.64,2989.12,Wallet,2025-02-15,20,2391.3,No
BB1990,CUST529,Male,44,Visakhapatnam,Electronics,Headphones,8,187.73,1501.84,Wallet,2024-10-27,10,1351.66,Yes
BB1991,CUST364,Male,32,Delhi,Beauty,Face Cream,3,314.36,943.08,Wallet,2025-04-13,20,754.46,No
BB1992,CUST318,Male,36,Thane,Apparel,Dupatta,2,41.98,83.96,Credit Card,2025-02-05,20,67.17,Yes
BB1993,CUST340,Male,33,Nagpur,Beauty,Body Wash,2,94.53,189.06,UPI,2025-06-27,20,151.25,Yes
BB1994,CUST504,Female,41,Jaipur,Sports,Dumbbells,10,441.41,4414.1,Credit Card,2024-07-01,0,4414.1,No
BB1995,CUST254,Male,43,Chandigarh,Furniture,Bean Bag,3,448.43,1345.29,Cash,2024-08-21,5,1278.03,No
BB1996,CUST332,Female,36,Lucknow,Toys & Games,Board Game,7,474.27,3319.89,UPI,2024-07-16,20,2655.91,No
BB1997,CUST327,Male,36,Bhopal,Apparel,Leggings,7,437.77,3064.39,Wallet,2024-08-16,5,2911.17,Yes
BB1998,CUST709,Male,55,Nagpur,Furniture,Plastic Stool,1,278.2,278.2,Cash,2025-06-06,20,222.56,Yes
BB1999,CUST943,Male,45,Hyderabad,Stationery,Marker,8,260.94,2087.52,Wallet,2025-06-13,10,1878.77,Yes
BB2000,CUST799,Male,45,Thane,Kitchen,Utensils,7,89.96,629.72,Cash,2024-12-23,10,566.75,No
